Scoring unit name,Accession,Line name,Variety,Derivation,Organisation,Year produced,Date harvested,Units scored,Sample size,Frame size,Design factors,Date planted,Leaf Silver concentration,Leaf Aluminium concentration,Leaf Arsenic concentration,Leaf Boron concentration,Leaf Calcium concentration,Leaf Cadmium concentration,Leaf Chromium concentration,Leaf Caesium concentration,Leaf Copper concentration,Leaf Iron concentration,Leaf Potassium concentration,Leaf Magnesium concentration,Leaf Manganese concentration,Leaf Molybdenum concentration,Leaf Sodium concentration,Leaf Nickel concentration,Leaf Phosphorus concentration,Leaf Lead concentration,Leaf Rubidium concentration,Leaf Sulphur concentration,Leaf Selenium concentration,Leaf Strontium concentration,Leaf Titanium concentration,Leaf Uranium concentration,Leaf Vanadium concentration,Leaf Zinc concentration,mineral and ion content related trait,cobalt concentration
a-0000001,U.Nottm_BnASSYST-001,BnASSYST-001,Alesi,,Nottingham,2013,,,,,,,0.01,9.12,0.02,12.09,9353,0.15,0.66,0.17,2.22,63.46,39513,7326,82.12,0.48,1146,0.35,5493,0.06,12.32,7019,0.07,17.78,3.14,0,0.01,35.89,1.55,0.01
a-0000002,U.Nottm_BnASSYST-002,BnASSYST-002,Remy,,Nottingham,2013,,,,,,,0.01,8.55,0.02,11.46,9979,0.18,0.68,0.13,2.15,56.51,39569,8371,70.01,0.31,1188,0.35,4689,0.05,13.27,6569,0.05,18.51,3.51,0,0.01,33.55,1.52,0.01
a-0000003,U.Nottm_BnASSYST-003,BnASSYST-003,Robust,,Nottingham,2013,,,,,,,0.01,12.57,0.02,10.64,8866,0.12,0.68,0.18,2.07,62.89,42537,7760,56,0.39,1293,0.35,4717,0.06,14.49,6730,0.02,16.84,3.43,0,0.01,29.3,1.45,0.01
a-0000004,U.Nottm_BnASSYST-004,BnASSYST-004,Alaska,,Nottingham,2013,,,,,,,0.02,9.9,0.02,12.89,9282,0.13,0.63,0.15,2.32,59.61,35397,6388,79.86,0.32,1572,0.35,4483,0.06,11.43,5213,0.04,17.69,3.54,0,0.02,29.08,1.63,0.01
a-0000005,U.Nottm_BnASSYST-005,BnASSYST-005,Pirola,,Nottingham,2013,,,,,,,0.01,8.92,0.02,14.14,10882,0.17,0.67,0.18,2.32,68.07,40390,7979,80.24,0.41,1701,0.35,5025,0.07,12.74,6727,0.08,21.27,3.61,0,0.01,36.61,1.93,0.01
a-0000007,U.Nottm_BnASSYST-007,BnASSYST-007,Milena,,Nottingham,2013,,,,,,,0.01,8.99,0.02,12.55,10297,0.18,0.67,0.16,2.21,62.2,39189,8147,71.97,0.47,1723,0.35,4558,0.07,13.39,6681,0.05,19.63,4.12,0,0.01,36.25,1.69,0.01
a-0000008,U.Nottm_BnASSYST-008,BnASSYST-008,Allure,,Nottingham,2013,,,,,,,0.01,9.79,0.02,14.1,11111,0.18,0.68,0.2,2.43,69.24,39947,8717,77.41,0.54,1576,0.35,4975,0.06,12.44,6161,0.09,21.48,3.75,0,0.01,31.97,1.84,0.01
a-0000009,U.Nottm_BnASSYST-009,BnASSYST-009,Agalon,,Nottingham,2013,,,,,,,0.02,9.9,0.02,15.68,10734,0.17,0.74,0.16,2.65,67.26,33972,8121,84.5,0.38,1502,0.35,5039,0.07,11.18,6318,0.05,21.75,3.84,0,0.01,32.04,2.32,0.01
a-0000010,U.Nottm_UoY_Hybrid_2015001,UoY_Hybrid_2015001,K615,,Nottingham,2013,,,,,,,0.01,9.4,0.02,11.75,10777,0.22,0.68,0.13,2.41,60.87,39821,8851,67.51,0.52,1235,0.49,4647,0.07,12.53,6576,0.05,22.98,4.25,0,0.01,37.94,1.96,0.01
a-0000011,U.Nottm_BnASSYST-011,BnASSYST-011,Picasso,,Nottingham,2013,,,,,,,0.01,6.56,0.01,12.34,8807,0.12,0.69,0.14,2.37,54.57,35904,6750,64.95,0.48,1201,0.35,5038,0.04,11.6,6609,0.09,15.87,3.08,0,0.01,31.18,1.43,0.01
a-0000012,U.Nottm_BnASSYST-012,BnASSYST-012,Lord,,Nottingham,2013,,,,,,,0.01,8.33,0.03,13.61,9210,0.11,0.68,0.17,2.39,62.73,39813,6827,78.57,0.66,1586,0.35,4353,0.08,12.13,7396,0.06,16.51,3.34,0,0.01,31.39,1.48,0.01
a-0000013,U.Nottm_UoY_Hybrid_2015002,UoY_Hybrid_2015002,KW3077,,Nottingham,2013,,,,,,,0.02,13.74,0.02,10.19,11983,0.13,0.68,0.18,2.12,66.64,47041,8563,106.93,0.51,1889,0.35,4426,0.05,15.04,6143,0.05,23.53,4.37,0,0.02,28.64,2.24,0.01
a-0000014,U.Nottm_BnASSYST-014,BnASSYST-014,Rodeo,,Nottingham,2013,,,,,,,0.01,11.76,0.02,12.26,9914,0.17,0.67,0.16,1.94,58.08,38291,7492,64.72,0.37,1233,0.42,4729,0.06,12.86,6716,0.03,19.35,3.6,0,0.01,31.68,1.85,0.01
a-0000015,U.Nottm_BnASSYST-015,BnASSYST-015,Rapid,,Nottingham,2013,,,,,,,0.01,10.69,0.02,12.2,8879,0.14,0.68,0.18,2.71,67.8,40193,6308,67.91,0.5,1330,0.35,4266,0.11,13.28,6454,0.04,15.35,3.26,0,0.01,32.55,1.37,0.01
a-0000016,U.Nottm_BnASSYST-016,BnASSYST-016,Boston,,Nottingham,2013,,,,,,,0.01,10.87,0.02,9.92,9994,0.15,0.68,0.14,1.98,59.48,36018,7940,79.25,0.28,1384,0.35,4731,0.05,11.74,6932,0.05,20.78,3.21,0,0.01,31.74,1.82,0.01
a-0000017,U.Nottm_BnASSYST-017,BnASSYST-017,Escort,,Nottingham,2013,,,,,,,0.01,6.25,0.02,9.53,10971,0.16,0.67,0.16,1.78,57.31,35036,9892,79.96,0.35,1684,0.35,3892,0.05,10.22,5373,0.05,21.77,3.41,0,0.01,27.69,1.89,0.01
a-0000018,U.Nottm_BnASSYST-018,BnASSYST-018,Montego,,Nottingham,2013,,,,,,,0.01,10.49,0.02,16.76,10532,0.11,0.67,0.16,2.17,56.91,45452,7154,68.18,0.43,1229,0.53,5698,0.05,14.74,6370,0.06,22.82,4.26,0,0.01,33.61,2.18,0.01
a-0000020,U.Nottm_BnASSYST-020,BnASSYST-020,Pacific,,Nottingham,2013,,,,,,,0.01,7.51,0.01,10.46,6380,0.1,0.68,0.17,2.56,64.15,41901,5130,62.36,0.23,1049,0.35,5307,0.05,15.8,6746,-0.02,10.74,2.66,0,0.01,33.65,1,0.01
a-0000021,U.Nottm_BnASSYST-021,BnASSYST-021,Savannah,,Nottingham,2013,,,,,,,0.01,10,0.02,11.4,12098,0.15,0.63,0.16,2.11,59.89,36164,7940,103.44,0.54,1769,0.35,3896,0.06,10.82,5493,0.15,23.61,3.95,0,0.01,26.1,2.26,0.01
a-0000022,U.Nottm_BnASSYST-022,BnASSYST-022,Missouri,,Nottingham,2013,,,,,,,0.03,6.73,0.02,14.63,12912,0.16,0.69,0.18,2.1,65.69,34790,8276,103.76,0.62,1551,0.35,4566,0.06,11.03,7316,0.04,25.85,4.83,0,0.01,33.8,2.72,0.01
a-0000023,U.Nottm_BnASSYST-023,BnASSYST-023,Manitoba,,Nottingham,2013,,,,,,,0.01,10.31,0.02,13.99,11507,0.2,0.68,0.16,2.42,60.37,38735,8476,77.06,0.42,1318,0.35,4665,0.07,12.24,6525,0.06,24.22,3.97,0,0.01,36.76,2.13,0.01
a-0000024,U.Nottm_BnASSYST-024,BnASSYST-024,Ladoga,,Nottingham,2013,,,,,,,0.01,4.77,0.02,9.62,10454,0.21,0.68,0.13,2.4,63.5,37700,7861,90.59,0.58,1645,0.35,4278,0.05,11.82,6726,0.09,19.88,3.54,0,0.01,38.61,1.84,0.01
a-0000025,U.Nottm_BnASSYST-025,BnASSYST-025,Atlantic,,Nottingham,2013,,,,,,,0.01,8.25,0.02,10.16,11691,0.23,0.66,0.11,2.25,72.05,38190,8204,102.36,0.67,1686,0.35,4181,0.05,12.42,6371,0.05,22.44,4.32,0,0.01,36.64,2.02,0.01
a-0000026,U.Nottm_BnASSYST-026,BnASSYST-026,Cooper,,Nottingham,2013,,,,,,,0.02,7.31,0.02,11.89,9242,0.15,0.68,0.15,2.6,67.13,38564,6605,77.68,0.32,1502,0.44,4616,0.05,12.65,5306,0.09,17.07,3.63,0,0.01,32.59,1.58,0.01
a-0000027,U.Nottm_BnASSYST-027,BnASSYST-027,Licapo,,Nottingham,2013,,,,,,,0.01,8.84,0.02,10.28,7611,0.14,0.67,0.12,1.43,47.47,41656,6181,44.12,0.36,1677,0.34,4232,0.18,14.82,5479,0.04,14.47,2.8,0,0.01,26.27,1.27,0.01
a-0000028,U.Nottm_BnASSYST-028,BnASSYST-028,Capitol,,Nottingham,2013,,,,,,,0.01,11.2,0.02,12.08,10776,0.17,0.68,0.19,2.32,63.9,43405,8532,96.91,0.79,1774,0.35,4732,0.06,14.51,6707,0.1,21.27,4.27,0,0.01,29.35,1.98,0.01
a-0000029,U.Nottm_BnASSYST-029,BnASSYST-029,Idol,,Nottingham,2013,,,,,,,0.01,9.03,0.01,11.4,10011,0.12,0.67,0.13,2.32,60.66,42425,7554,62.53,0.31,1297,0.35,5210,0.04,14.48,6761,0.06,19.57,3.67,0,0.01,33.14,1.69,0.01
a-0000030,U.Nottm_BnASSYST-030,BnASSYST-030,Vivol,,Nottingham,2013,,,,,,,0.02,10.81,0.02,16.32,13118,0.18,1.06,0.15,2.84,74.17,34799,8998,112.51,1,1875,0.35,4171,0.08,10.38,6633,0.06,26.68,4.99,0,0.02,28.75,2.73,0.01
a-0000031,U.Nottm_BnASSYST-031,BnASSYST-031,BRISTOL,,Nottingham,2013,,,,,,,0.01,13.68,0.01,11.19,9204,0.12,0.68,0.18,2.09,57.79,42655,7490,71.41,0.3,1475,0.35,4706,0.05,14.17,6684,0.07,18.65,3.22,0,0.01,27.9,1.58,0.01
a-0000032,U.Nottm_BnASSYST-032,BnASSYST-032,Lirajet,,Nottingham,2013,,,,,,,0.02,13.13,0.02,13.44,10054,0.14,0.87,0.15,1.91,63.38,37156,6971,71.95,0.29,1544,0.35,4219,0.08,11.7,6045,0.08,19.8,3.8,0,0.01,27.88,2.07,0.01
a-0000033,U.Nottm_BnASSYST-033,BnASSYST-033,Lisabeth,,Nottingham,2013,,,,,,,0.01,8.83,0.02,9.62,10158,0.18,0.67,0.14,2.04,57.62,34270,7113,77.07,0.27,1187,0.36,4079,0.04,10.76,5630,0.05,20.03,3.91,0,0.01,32.03,1.83,0.01
a-0000034,U.Nottm_BnASSYST-034,BnASSYST-034,Lipid,,Nottingham,2013,,,,,,,0.01,9.43,0.02,17.57,8783,0.1,0.66,0.14,1.91,61.07,36140,6744,64.76,0.3,1352,0.35,4496,0.06,12.27,6000,0.06,16.97,3.29,0,0.01,27.91,1.62,0.01
a-0000035,U.Nottm_BnASSYST-035,BnASSYST-035,Lipton,,Nottingham,2013,,,,,,,0.01,10.53,0.02,10.85,8554,0.15,0.68,0.15,2.09,61.25,44144,6782,100.43,0.3,1698,0.35,4234,0.07,14.4,5792,0.05,16.22,3.27,0,0.01,25.59,1.44,0.01
a-0000036,U.Nottm_BnASSYST-036,BnASSYST-036,Lisek,,Nottingham,2013,,,,,,,0.01,10.64,0.01,10.56,8652,0.14,0.66,0.15,2.16,63.3,39541,6935,64.73,0.32,1381,0.35,4782,0.03,12.6,6076,0.04,16.81,3.39,0,0.01,36.47,1.54,0.01
a-0000037,U.Nottm_BnASSYST-037,BnASSYST-037,Contact,,Nottingham,2013,,,,,,,0.01,7.55,0.02,11.43,9212,0.12,0.68,0.18,2.36,58.77,39732,6941,100.22,0.48,1270,0.35,3911,0.07,11.78,5991,0.06,17.11,3.3,0,0.01,22.63,1.62,0.01
a-0000038,U.Nottm_BnASSYST-038,BnASSYST-038,Lion,,Nottingham,2013,,,,,,,0.01,8.11,0.02,9.18,10149,0.14,0.68,0.16,2.47,56.18,40296,7806,99.28,0.32,1560,0.35,3958,0.08,12.51,6384,0.05,18.47,3.76,0,0.01,31.7,1.79,0.01
a-0000039,U.Nottm_BnASSYST-039,BnASSYST-039,OASE,,Nottingham,2013,,,,,,,0.01,7.67,0.01,8.7,8697,0.14,0.68,0.12,1.71,57.51,33589,7278,50.46,0.16,1527,0.35,5066,0.03,10.81,5994,0.05,17.47,2.93,0,0.01,29.78,1.47,0.01
a-0000040,U.Nottm_BnASSYST-040,BnASSYST-040,Apex,,Nottingham,2013,,,,,,,0.02,11.22,0.02,11,11607,0.18,0.68,0.18,2.77,64.12,39216,8917,84.19,0.51,1321,0.35,4742,0.05,12.4,7176,0.05,22.69,3.51,0,0.01,36.44,2.31,0.01
a-0000042,U.Nottm_BnASSYST-042,BnASSYST-042,Magnum,,Nottingham,2013,,,,,,,0.01,9.56,0.03,20,11006,0.15,0.67,0.21,2.68,55.53,47455,8118,60.19,0.51,1786,0.35,5020,0.08,15.54,7760,0.06,22.41,3.95,0,0.01,36.95,2.29,0.01
a-0000044,U.Nottm_BnASSYST-044,BnASSYST-044,Laser,,Nottingham,2013,,,,,,,0.01,8.07,0.02,11.68,8842,0.12,0.61,0.13,1.97,59.7,37798,6145,57.64,0.28,1500,0.35,4482,0.04,11.58,5592,0.05,16.2,3.27,0,0.01,28.59,1.49,0.01
a-0000045,U.Nottm_BnASSYST-045,BnASSYST-045,Fortis,,Nottingham,2013,,,,,,,0.02,10.05,0.02,9.32,10511,0.16,0.83,0.16,2.07,59.03,39862,7813,77.9,0.37,1898,0.35,4306,0.04,13.11,6298,0.05,20.99,3.95,0,0.01,32.08,2.03,0.01
a-0000046,U.Nottm_BnASSYST-046,BnASSYST-046,Smart,,Nottingham,2013,,,,,,,0.01,11.98,0.01,13.27,9398,0.15,0.68,0.11,2.18,53.45,41068,7289,52.33,0.32,1296,0.35,4552,0.04,14.12,6429,0.06,18.54,3.85,0,0.01,32.44,1.68,0.01
a-0000047,U.Nottm_BnASSYST-047,BnASSYST-047,Roxet,,Nottingham,2013,,,,,,,0.01,8.12,0.02,10.7,10905,0.14,0.68,0.15,2.01,59.91,37131,8700,65.57,0.26,1753,0.35,5131,0.05,11.2,6678,0.05,21.31,3.92,0,0.01,25.12,1.85,0.01
a-0000048,U.Nottm_BnASSYST-048,BnASSYST-048,NK Bravour,,Nottingham,2013,,,,,,,0.05,11.19,0.02,14.08,9979,0.13,0.67,0.22,2.11,76.77,34964,7009,95.02,0.42,1194,0.35,5068,0.06,11.58,6574,0.05,19.41,3.96,0,0.01,34.31,1.91,0.01
a-0000049,U.Nottm_BnASSYST-049,BnASSYST-049,NK Fair,,Nottingham,2013,,,,,,,0.01,7.9,0.02,8.42,8889,0.14,0.68,0.11,2.33,56,39337,6583,61.11,0.51,1351,0.35,4441,0.04,12.41,6645,0.06,16.25,3.22,0,0.01,34.07,1.38,0.01
a-0000050,U.Nottm_BnASSYST-050,BnASSYST-050,Aviso,,Nottingham,2013,,,,,,,0.02,5.51,0.02,7.89,8612,0.15,0.67,0.14,2.18,53.59,35564,7119,74.62,0.36,1206,0.35,4218,0.05,11.48,6137,0.05,16.58,3.27,0,0.01,31.79,1.38,0.01
a-0000051,U.Nottm_BnASSYST-051,BnASSYST-051,Sansibar,,Nottingham,2013,,,,,,,0.01,9.99,0.02,14.16,9333,0.15,0.68,0.17,2.45,63.62,41940,7042,88.63,0.59,1586,0.35,4848,0.07,13.16,6521,0.12,17.26,3.88,0,0.02,34.9,1.78,0.02
a-0000052,U.Nottm_BnASSYST-052,BnASSYST-052,SW Gospel,,Nottingham,2013,,,,,,,0.02,8.27,0.02,8.31,10163,0.16,0.66,0.2,2.58,64.5,43815,8151,91.76,0.45,1742,0.35,4710,0.04,14.12,6819,0.06,20.21,3.62,0,0.01,29.63,1.85,0.01
a-0000053,U.Nottm_BnASSYST-053,BnASSYST-053,Verona,,Nottingham,2013,,,,,,,0.01,5.17,0.01,9.04,9199,0.14,0.68,0.13,2.17,58.33,36844,6758,65.75,0.36,1355,0.35,4832,0.04,12.49,5988,0.05,17.86,2.86,0,0.01,34.6,1.51,0.01
a-0000054,U.Nottm_BnASSYST-054,BnASSYST-054,Tenor,,Nottingham,2013,,,,,,,0.01,7.65,0.02,12.54,8169,0.14,0.67,0.17,2.73,58.92,39712,7113,81.72,0.51,1466,0.35,5123,0.08,13.52,6602,0.01,14.74,3.07,0,0.01,34.31,1.32,0.01
a-0000055,U.Nottm_BnASSYST-055,BnASSYST-055,Expert,,Nottingham,2013,,,,,,,0.01,10.44,0.02,14.78,11750,0.16,0.62,0.15,2.58,67.91,39666,9947,81.4,0.41,1783,0.35,4549,0.07,12.57,5898,0.05,24.44,4.36,0,0.02,32.88,2.27,0.01
a-0000056,U.Nottm_BnASSYST-056,BnASSYST-056,Musette,,Nottingham,2013,,,,,,,0.02,9.48,0.02,15.74,9513,0.1,0.67,0.16,1.97,61.16,38983,7303,74.2,0.42,1340,0.35,5231,0.05,12.62,6095,0,19.7,3.41,0,0.01,32.9,1.9,0.01
a-0000057,U.Nottm_BnASSYST-057,BnASSYST-057,Kvintett,,Nottingham,2013,,,,,,,0.01,6.1,0.01,14.29,9394,0.16,0.66,0.16,2.12,60.87,42941,6651,107.2,0.37,1481,0.35,4563,0.05,13.78,6194,0.06,18.56,3.38,0,0.01,33.49,1.85,0.01
a-0000058,U.Nottm_BnASSYST-058,BnASSYST-058,Falstaff,,Nottingham,2013,,,,,,,0.01,8.52,0.02,14.11,9056,0.14,0.68,0.18,2.16,59.81,35892,6828,95.35,0.36,1791,0.35,4024,0.06,10.83,5939,0.05,17.22,3.12,0,0.01,30.01,1.65,0.01
a-0000059,U.Nottm_BnASSYST-059,BnASSYST-059,SW Sinatra,,Nottingham,2013,,,,,,,0.01,11.76,0.02,11.15,12403,0.18,0.83,0.13,2.75,66.5,39070,9261,112.15,0.6,1487,0.36,4262,0.07,12.55,6712,0.05,24.03,4.69,0,0.01,33.79,2.29,0.01
a-0000060,U.Nottm_BnASSYST-060,BnASSYST-060,Viking,,Nottingham,2013,,,,,,,0.02,10.27,0.02,12.4,10344,0.18,0.68,0.17,1.86,59.3,40533,8527,87.55,0.36,1548,0.36,4736,0.04,13.71,7459,0.07,21,3.7,0,0.01,29.34,1.81,0.01
a-0000061,U.Nottm_BnASSYST-061,BnASSYST-061,Aragon,,Nottingham,2013,,,,,,,0.01,13.49,0.01,9.35,8716,0.16,0.68,0.11,2.64,55.67,39623,7131,52.83,0.42,1506,0.35,4992,0.04,13.33,5843,0.05,17.22,3.5,0,0.02,26.6,1.58,0.01
a-0000062,U.Nottm_BnASSYST-062,BnASSYST-062,Aurum,,Nottingham,2013,,,,,,,0.01,8.68,0.02,9.25,9270,0.15,0.67,0.09,2.17,52.14,39162,6102,76.99,0.45,1439,0.36,4777,0.03,12.94,6269,0.05,18.07,3.18,0,0.01,34.3,1.72,0.01
a-0000065,U.Nottm_BnASSYST-065,BnASSYST-065,Rasmus,,Nottingham,2013,,,,,,,0.01,15.67,0.02,9.58,10055,0.17,0.68,0.13,2.41,62.73,39554,7038,77.52,0.4,1479,0.35,4522,0.05,12.99,6260,0.06,19.43,3.71,0,0.01,32.28,1.85,0.01
a-0000066,U.Nottm_BnASSYST-066,BnASSYST-066,Gefion,,Nottingham,2013,,,,,,,0.01,9.74,0.02,8.37,10204,0.18,0.68,0.11,2.12,64.28,48796,7110,97.51,0.67,1740,0.35,3720,0.07,15.26,6089,0.05,19.76,3.68,0,0.02,29.5,2.07,0.01
a-0000067,U.Nottm_BnASSYST-067,BnASSYST-067,Nugget,,Nottingham,2013,,,,,,,0.01,12.67,0.02,10.99,10085,0.17,0.66,0.15,2.25,77.02,43511,7981,78.91,0.42,1468,0.35,4737,0.06,13.93,6739,0.06,19.63,3.83,0,0.01,32.42,1.81,0.01
a-0000068,U.Nottm_BnASSYST-068,BnASSYST-068,Zephir,,Nottingham,2013,,,,,,,0.01,9.61,0.02,12.11,9199,0.14,0.68,0.16,2.31,68.6,38547,7275,88.78,0.78,1557,0.36,4444,0.07,12.62,7177,0.05,17.31,3.43,0,0.01,25.75,1.66,0.01
a-0000069,U.Nottm_BnASSYST-069,BnASSYST-069,SLM 0413,,Nottingham,2013,,,,,,,0.01,8.33,0.02,7.72,9817,0.14,0.67,0.13,2.2,55.54,36640,7225,74.79,0.28,1934,0.36,3914,0.06,12.25,6158,0.05,18.6,2.84,0,0.01,26.46,1.72,0.01
a-0000070,U.Nottm_BnASSYST-070,BnASSYST-070,SLM 0512,,Nottingham,2013,,,,,,,0.01,15.48,0.02,11.55,12755,0.21,0.68,0.16,2.16,67.48,45709,9460,84.72,0.58,2239,0.35,4813,0.09,14.1,7337,0.06,24.87,4.47,0,0.02,28.49,2.39,0.01
a-0000071,U.Nottm_BnASSYST-071,BnASSYST-071,LSF 0519,,Nottingham,2013,,,,,,,0.02,9.81,0.02,9.9,10393,0.17,0.67,0.13,2.25,62.22,37459,7601,78.19,0.32,1728,0.35,4405,0.05,11.82,5731,0.05,20.54,4.01,0,0.01,33.37,1.9,0.01
a-0000072,U.Nottm_BnASSYST-072,BnASSYST-072,Beluga,,Nottingham,2013,,,,,,,0.01,7.15,0.02,7.27,10064,0.18,0.68,0.18,2.58,70.43,40875,7220,91.51,0.28,1823,0.35,4888,0.05,14.06,6124,0.05,19.32,3.77,0,0.01,39.8,1.8,0.01
a-0000073,U.Nottm_BnASSYST-073,BnASSYST-073,Amor,,Nottingham,2013,,,,,,,0.01,9.36,0.03,15.5,11210,0.2,0.67,0.19,2.69,71.96,41637,8140,131.53,0.49,1822,0.35,4631,0.08,13.56,6081,0.07,22.03,3.78,0,0.01,47.09,2.2,0.01
a-0000074,U.Nottm_BnASSYST-074,BnASSYST-074,Ascona,,Nottingham,2013,,,,,,,0.01,8.04,0.02,12.28,9748,0.16,0.67,0.14,2.16,58.53,39847,7761,67.5,0.41,1511,0.36,4673,0.04,13.64,6197,0.05,19.07,3.44,0,0.01,30.27,1.69,0.01
a-0000075,U.Nottm_BnASSYST-075,BnASSYST-075,Campari,,Nottingham,2013,,,,,,,0.01,7.51,0.02,14.25,9958,0.13,0.68,0.17,2.32,66.77,45715,6990,79.95,0.8,1859,0.35,4471,0.09,14.37,7233,0.06,17.63,3.49,0,0.01,33.11,1.74,0.01
a-0000076,U.Nottm_BnASSYST-076,BnASSYST-076,Caramba,,Nottingham,2013,,,,,,,0.01,11.11,0.02,10.85,9140,0.14,0.66,0.14,2.11,62.35,33363,7027,75.36,0.36,1297,0.35,3675,0.07,10.43,5652,0.04,16.94,3.76,0,0.01,29.27,1.64,0.01
a-0000077,U.Nottm_BnASSYST-077,BnASSYST-077,Duell,,Nottingham,2013,,,,,,,0.01,8.03,0.02,13.27,11072,0.15,0.66,0.2,2.63,69.62,48924,8133,103.63,0.59,2016,0.35,4720,0.07,15.5,6613,0.13,21.42,4.08,0,0.01,36.82,2.17,0.01
a-0000078,U.Nottm_BnASSYST-078,BnASSYST-078,Express 617,,Nottingham,2013,,,,,,,0.01,11.83,0.02,9.3,8240,0.12,0.67,0.21,2.08,61.18,35742,6398,99.52,0.51,1183,0.47,4406,0.06,11.46,6483,0.08,14.67,3.26,0,0.01,29.07,1.45,0.01
a-0000079,U.Nottm_BnASSYST-079,BnASSYST-079,Jessica,,Nottingham,2013,,,,,,,0.01,11.44,0.02,9.1,9619,0.18,0.67,0.12,2.68,62.41,40185,7139,83.05,0.42,1896,0.36,4512,0.05,12.44,6948,0.05,18.08,3.2,0,0.01,32.25,1.81,0.01
a-0000080,U.Nottm_BnASSYST-080,BnASSYST-080,Orlando,,Nottingham,2013,,,,,,,0.01,8.34,0.02,14.81,10095,0.13,0.68,0.13,2.26,58.42,40121,7160,87.07,0.59,1462,0.35,4668,0.05,12.51,7043,0.06,18.84,3.68,0,0.01,31.94,1.83,0.01
a-0000081,U.Nottm_BnASSYST-081,BnASSYST-081,Pollen,,Nottingham,2013,,,,,,,0.01,10.92,0.02,15.94,10014,0.16,0.68,0.17,2.38,72.33,37097,8340,100.89,0.35,1464,0.35,5204,0.07,12.36,6721,0.04,19.4,3.78,0,0.01,37.53,1.72,0.01
a-0000082,U.Nottm_BnASSYST-082,BnASSYST-082,Prince,,Nottingham,2013,,,,,,,0.01,9.26,0.01,8.98,6258,0.1,0.65,0.1,1.7,50.03,27697,5374,41.31,0.22,1052,0.35,3290,0.05,9.04,4422,0.04,12.45,2.27,0,0.01,19.82,1.14,0.01
a-0000083,U.Nottm_BnASSYST-083,BnASSYST-083,Wotan,,Nottingham,2013,,,,,,,0.01,13.08,0.01,11.14,8559,0.12,0.67,0.12,2.27,60.84,39746,6532,47.25,0.43,1561,0.35,4863,0.05,14.33,7075,0.05,16.21,3.03,0,0.02,34.26,1.74,0.01
a-0000084,U.Nottm_BnASSYST-084,BnASSYST-084,NK Nemax,,Nottingham,2013,,,,,,,0.01,10.1,0.01,9.9,8672,0.15,0.67,0.1,1.63,55.53,35076,6335,43.96,0.27,1404,0.35,4346,0.03,11.67,6065,0.05,17.06,3.21,0,0.01,27.44,1.57,0.01
a-0000085,U.Nottm_BnASSYST-085,BnASSYST-085,NK Passion,,Nottingham,2013,,,,,,,0.01,8.41,0.02,11.01,9826,0.13,0.67,0.15,2.16,68.15,39770,6829,76.91,0.21,1630,0.35,4249,0.07,12.61,6231,0.05,18.4,3.75,0,0.01,31.73,1.67,0.01
a-0000088,U.Nottm_UoY_Hybrid_2015003,UoY_Hybrid_2015003,KW1519,,Nottingham,2013,,,,,,,0.01,11.73,0.02,11.72,10313,0.17,0.69,0.15,1.78,56.21,41832,8308,66.77,0.17,1713,0.35,4052,0.04,12.39,6311,0.05,19.76,3.8,0,0.02,23.83,1.82,0.01
a-0000089,U.Nottm_BnASSYST-089,BnASSYST-089,AMBER X COMMANCHE DH LINE,,Nottingham,2013,,,,,,,0.02,9.88,0.02,13.76,9860,0.12,0.67,0.21,2.24,59.28,40307,7912,73.5,0.3,1666,0.35,4851,0.06,14.17,6656,0.05,18.8,3.62,0,0.01,30.5,1.71,0.01
a-0000090,U.Nottm_BnASSYST-090,BnASSYST-090,APEX-93_5 X GINYOU_3 DH LINE,,Nottingham,2013,,,,,,,0.01,10.4,0.02,15.05,10172,0.12,0.68,0.2,1.89,59.45,45882,9149,77.58,0.35,1632,0.35,5841,0.06,15.16,8495,0.05,19.79,3.74,0,0.01,25.51,1.79,0.01
a-0000091,U.Nottm_BnASSYST-091,BnASSYST-091,BIENVENU DH4,,Nottingham,2013,,,,,,,0.01,22.18,0.02,26.31,13404,0.1,0.68,0.17,2.48,51.4,43648,7922,109.06,1.02,1396,0.35,3973,0.09,11.61,6993,0.04,26.18,4.43,0,0.01,30.19,3.59,0.01
a-0000093,U.Nottm_BnASSYST-093,BnASSYST-093,CANBERRA x COURAGE DH LINE,,Nottingham,2013,,,,,,,0.01,11.35,0.02,13.44,11067,0.18,0.67,0.23,2.4,72.67,45409,8505,107.3,0.32,1948,0.35,4225,0.07,14.41,6091,0.07,21.17,4.09,0,0.02,34.94,1.87,0.01
a-0000096,U.Nottm_BnASSYST-096,BnASSYST-096,HANSEN X GASPARD DH LINE,,Nottingham,2013,,,,,,,0.01,14.49,0.02,11.23,11016,0.2,0.67,0.16,2.76,78.48,40562,8983,110.64,0.35,1725,0.35,4583,0.07,12.88,7985,0.05,20.8,3.86,0,0.02,46.1,1.86,0.01
a-0000097,U.Nottm_BnASSYST-097,BnASSYST-097,MADRIGAL x RECITAL DH LINE,,Nottingham,2013,,,,,,,0.01,6.18,0.02,8.31,9810,0.14,0.67,0.15,2.46,70.29,42017,8684,73.54,0.25,1543,0.35,5080,0.05,14.04,6988,0.12,18.68,3.8,0,0.01,32.58,1.54,0.01
a-0000098,U.Nottm_BnASSYST-098,BnASSYST-098,RAFAL DH1,,Nottingham,2013,,,,,,,0.01,5.98,0.02,14.16,11671,0.17,0.68,0.2,2.35,59.24,38999,8606,107.83,0.46,1728,0.43,4602,0.07,13.19,6744,0.05,23.33,4.1,0,0.01,34.46,2.31,0.01
a-0000099,U.Nottm_BnASSYST-099,BnASSYST-099,TAPIDOR DH,,Nottingham,2013,,,,,,,0.01,13.49,0.02,16.82,10686,0.17,0.68,0.17,2.25,60.5,42315,7315,88.39,0.23,1331,0.35,4671,0.03,14.11,6368,0.03,21.46,3.89,0,0.01,33.85,2.08,0.01
a-0000101,U.Nottm_BnASSYST-101,BnASSYST-101,EUROL,,Nottingham,2013,,,,,,,0.01,8.12,0.02,16.2,9263,0.19,0.66,0.13,1.95,78.28,40507,7553,92.94,0.43,1921,0.35,4431,0.09,13.31,6849,0.05,17.64,3.48,0,0.01,29.22,1.6,0.02
a-0000102,U.Nottm_BnASSYST-102,BnASSYST-102,Lesira,,Nottingham,2013,,,,,,,0.01,10.82,0.02,12.52,10628,0.12,0.67,0.13,1.94,50.57,34919,8173,57.82,0.28,1586,0.35,4848,0.06,10.5,6827,0.03,22.67,3.79,0,0.01,26.8,2.53,0.01
a-0000105,U.Nottm_BnASSYST-105,BnASSYST-105,LICROWN X EXPRESS DH LINE,,Nottingham,2013,,,,,,,0.01,8.01,0.02,11.57,9418,0.18,0.67,0.11,2.42,56.76,35547,7419,70.6,0.32,1376,0.35,4541,0.05,11.52,6836,0.09,18.48,3.48,0,0.01,37.72,1.66,0.02
a-0000106,U.Nottm_BnASSYST-106,BnASSYST-106,SHANNON x WINNER DH LINE,,Nottingham,2013,,,,,,,0.02,9.91,0.02,12.89,11388,0.18,0.68,0.15,2.26,57.52,37615,8983,66.6,0.72,2056,0.35,4878,0.07,12.36,7059,0.05,21.38,4.38,0,0.01,26.52,2.06,0.01
a-0000107,U.Nottm_BnASSYST-107,BnASSYST-107,JANETZKIS SCHLESISCHER,,Nottingham,2013,,,,,,,0.01,6.4,0.02,13.74,9033,0.12,0.68,0.18,1.65,50.41,36877,7572,68.47,0.28,1486,0.35,4361,0.06,12.83,5746,0.04,18.08,3.43,0,0.01,28.08,1.78,0.01
a-0000108,U.Nottm_BnASSYST-108,BnASSYST-108,LEMBKES MALCHOWER (LENORA),,Nottingham,2013,,,,,,,0.01,9.85,0.02,11.54,8905,0.19,0.68,0.08,1.82,60.62,35364,6770,60.65,0.36,1322,0.35,4002,0.07,11.46,6533,0.05,17.1,3.29,0,0.01,33.1,1.57,0.01
a-0000109,U.Nottm_BnASSYST-109,BnASSYST-109,NORIN,,Nottingham,2013,,,,,,,0.01,7.1,0.02,11.94,9189,0.12,0.67,0.16,1.97,59.08,42144,7613,85.18,0.33,1300,0.35,5072,0.04,13.71,6322,0.05,17.64,3.17,0,0.01,31.02,1.5,0.01
a-0000110,U.Nottm_BnASSYST-110,BnASSYST-110,OLIMPIADE,,Nottingham,2013,,,,,,,0.01,9,0.02,12.73,13354,0.21,0.82,0.27,2.24,61.61,46285,10738,88.98,0.4,1707,0.35,4624,0.06,15.34,7113,0.06,26.2,4.51,0,0.02,35.53,2.13,0.01
a-0000112,U.Nottm_BnASSYST-112,BnASSYST-112,Mansholt,,Nottingham,2013,,,,,,,0.01,6.92,0.01,10.13,7166,0.09,0.66,0.15,2.06,57.32,37428,6961,51.92,0.36,1475,0.46,4902,0.04,13.03,6426,0.05,13.77,2.47,0,0.01,33.07,1.2,0.02
a-0000113,U.Nottm_BnASSYST-113,BnASSYST-113,Samourai,,Nottingham,2013,,,,,,,0.01,13.17,0.02,9.62,8881,0.15,0.66,0.16,2.21,70.93,40624,6577,78.11,0.36,1567,0.36,4048,0.05,13.23,5157,0.06,16.41,3.28,0,0.01,31.66,1.46,0.01
a-0000114,U.Nottm_BnASSYST-114,BnASSYST-114,Sollux,,Nottingham,2013,,,,,,,0.01,10.93,0.02,12.48,10951,0.2,0.67,0.17,2.18,55.06,44505,7828,95.54,0.49,1423,0.35,3968,0.07,13.07,6477,0.06,20.81,4.2,0,0.01,24.8,2.18,0.01
a-0000115,U.Nottm_BnASSYST-115,BnASSYST-115,Akela,,Nottingham,2013,,,,,,,0.01,13.34,0.02,11.14,8112,0.22,0.68,0.13,1.82,59.06,43729,6310,66.56,0.23,1586,0.35,4390,0.08,15.29,5970,0.05,15.08,3.25,0,0.01,31.47,1.59,0.01
a-0000116,U.Nottm_BnASSYST-116,BnASSYST-116,Erox,,Nottingham,2013,,,,,,,0.01,9.15,0.03,13.28,10468,0.21,0.68,0.13,2.21,62.02,40868,8495,70.4,0.52,1921,0.35,4023,0.07,12.81,6096,0.05,20.62,3.95,0,0.01,30.73,1.98,0.01
a-0000117,U.Nottm_BnASSYST-117,BnASSYST-117,Maplus,,Nottingham,2013,,,,,,,0.01,9.55,0.02,12.36,9709,0.2,0.68,0.15,1.66,63.26,39007,7437,72.75,0.37,1408,0.35,4503,0.05,12.66,6615,0.05,18.44,3.63,0,0.01,22.87,1.66,0.01
a-0000118,U.Nottm_BnASSYST-118,BnASSYST-118,Askari,,Nottingham,2013,,,,,,,0.01,16.31,0.02,12.38,10455,0.19,0.67,0.16,1.81,59.13,43747,8279,77.57,0.3,1555,0.35,5355,0.06,14.23,6775,0.06,21,3.63,0,0.01,33.48,1.92,0.01
a-0000119,U.Nottm_BnASSYST-119,BnASSYST-119,Lirabon,,Nottingham,2013,,,,,,,0.01,11.25,0.03,10.18,9513,0.15,0.67,0.18,2.07,74.69,42742,7679,84.76,0.41,1522,0.35,4506,0.07,14.14,6107,0.04,18.3,3.73,0,0.01,30.4,1.75,0.01
a-0000121,U.Nottm_BnASSYST-121,BnASSYST-121,JetNeuf,,Nottingham,2013,,,,,,,0.01,9.83,0.03,12.41,10402,0.16,0.66,0.18,2.06,76.32,38032,8104,84.9,0.23,1486,0.46,4497,0.06,12.27,6408,0.07,21.22,3.93,0,0.01,33.5,1.95,0.01
a-0000122,U.Nottm_BnASSYST-122,BnASSYST-122,Cobra,,Nottingham,2013,,,,,,,0.01,19.17,0.03,15.11,13003,0.24,0.61,0.17,2.65,73.4,42259,8952,101.33,0.62,2070,0.35,4696,0.11,12.69,7102,0.05,26.55,4.85,0,0.02,30.04,2.54,0.02
a-0000123,U.Nottm_BnASSYST-123,BnASSYST-123,Falcon,,Nottingham,2013,,,,,,,0.01,6.05,0.02,12.58,9558,0.15,0.68,0.19,2.22,61.3,37676,7430,102.76,0.42,1570,0.35,4502,0.07,11.8,5910,0.08,17.2,3.67,0,0.01,31.59,1.7,0.01
a-0000124,U.Nottm_BnASSYST-124,BnASSYST-124,Mohican,,Nottingham,2013,,,,,,,0.01,13.97,0.02,10.78,10337,0.15,0.68,0.15,2.36,64.95,38691,7359,113.28,0.4,1791,0.35,4274,0.06,11.87,6143,0.05,19.82,3.57,0,0.02,28.7,1.88,0.01
a-0000125,U.Nottm_BnASSYST-125,BnASSYST-125,Flip,,Nottingham,2013,,,,,,,0.01,7.22,0.02,11.04,9211,0.17,0.66,0.16,2.23,66.96,35175,6355,85.76,0.32,1155,0.35,4748,0.07,11.54,6206,0.06,17.33,3.18,0,0.01,37.49,1.5,0.01
a-0000126,U.Nottm_BnASSYST-126,BnASSYST-126,Zenith,,Nottingham,2013,,,,,,,0.02,11.56,0.03,13.33,9933,0.16,0.68,0.17,2.68,59.66,39256,7409,88.02,0.55,1426,0.36,3934,0.11,12.76,6466,0.06,19.32,3.5,0,0.01,26.13,1.81,0.01
a-0000127,U.Nottm_BnASSYST-127,BnASSYST-127,Phil,,Nottingham,2013,,,,,,,0.01,6.71,0.01,12.14,9590,0.17,0.67,0.11,2.18,60.88,38994,7446,70.5,0.26,1711,0.35,4625,0.06,12.01,5466,0.09,18.96,3.59,0,0.01,35.05,1.69,0.01
a-0000128,U.Nottm_BnASSYST-128,BnASSYST-128,Leopard,,Nottingham,2013,,,,,,,0.01,8.65,0.02,10.07,10451,0.15,0.62,0.16,1.97,59.74,39376,7668,91.25,0.47,1606,0.35,3964,0.09,12.19,6329,0.13,20.01,3.8,0,0.01,28.71,1.81,0.02
a-0000129,U.Nottm_BnASSYST-129,BnASSYST-129,RESYN-H048,,Nottingham,2013,,,,,,,0.01,12.09,0.03,16.21,12664,0.16,0.68,0.15,2.27,64.44,43423,9230,91.19,1.14,1935,0.36,4756,0.08,12.83,7521,0.06,26.03,4.45,0,0.02,25.96,2.4,0.01
a-0000130,U.Nottm_BnASSYST-130,BnASSYST-130,Resyn-G_S4,,Nottingham,2013,,,,,,,0.01,17.72,0.02,9.74,9125,0.14,0.68,0.18,1.63,50.08,42072,6992,67.04,0.26,1297,0.35,4983,0.06,13.47,6585,0.05,18.77,3.2,0,0.01,28.58,1.75,0.01
a-0000131,U.Nottm_BnASSYST-131,BnASSYST-131,Resyn-G_H226,,Nottingham,2013,,,,,,,0.01,12.05,0.02,14.87,8658,0.14,0.68,0.1,2.29,58.2,54329,6090,63.72,0.51,1636,0.44,5022,0.05,19.64,7867,0.05,17.45,3.23,0,0.01,41.49,1.67,0.02
a-0000132,U.Nottm_BnASSYST-132,BnASSYST-132,Anja,,Nottingham,2013,,,,,,,0.01,9.59,0.02,13.9,9708,0.13,0.65,0.17,2.01,62.34,40950,6738,95.64,0.18,1503,0.35,4960,0.12,12.91,5308,0.05,19.17,3.67,0,0.01,27.97,2.18,0.02
a-0000133,U.Nottm_BnASSYST-133,BnASSYST-133,Baltia,,Nottingham,2013,,,,,,,0.01,12.1,0.03,14.98,10523,0.18,0.69,0.17,2.36,61.44,43478,6924,75.65,0.38,1481,0.35,4936,0.07,14.92,7332,0,19.89,4.03,0,0.01,43.25,1.88,0.01
a-0000135,U.Nottm_BnASSYST-135,BnASSYST-135,Brink,,Nottingham,2013,,,,,,,0.02,10.4,0.02,13.93,9557,0.11,0.82,0.17,2.07,58.82,45346,6912,85.48,0.84,1207,0.35,4902,0.06,14.03,6992,0.06,18.75,3.9,0,0.02,34.14,1.77,0.01
a-0000136,U.Nottm_BnASSYST-136,BnASSYST-136,Ceres,,Nottingham,2013,,,,,,,0.01,9.41,0.02,12.3,9811,0.19,0.68,0.15,2,61.67,39298,7306,68.37,0.44,1597,0.35,4730,0.06,12.64,6725,0.08,19.58,3.54,0,0.01,37.24,1.9,0.01
a-0000137,U.Nottm_BnASSYST-137,BnASSYST-137,Coriander,,Nottingham,2013,,,,,,,0.01,10.24,0.02,15.19,10085,0.16,0.68,0.14,2.31,65.64,48403,7047,64.41,0.49,1614,0.35,5633,0.07,16.98,7280,0.05,19.58,3.97,0,0.02,31.82,1.77,0.01
a-0000138,U.Nottm_BnASSYST-138,BnASSYST-138,Diamant,,Nottingham,2013,,,,,,,0.01,15.9,0.02,13.02,10824,0.17,0.67,0.13,2.18,58.32,44687,7374,87.1,0.7,1510,0.35,4428,0.05,15.08,6490,0.06,21.31,4.42,0,0.02,27.41,2.35,0.02
a-0000139,U.Nottm_BnASSYST-139,BnASSYST-139,Dippes,,Nottingham,2013,,,,,,,0.01,11.17,0.02,11.42,8846,0.12,0.87,0.14,2.25,56.1,44143,6526,72.78,0.3,1001,0.35,4810,0.06,14.69,7027,0.05,16.67,3.4,0,0.02,31.48,1.62,0.02
a-0000140,U.Nottm_BnASSYST-140,BnASSYST-140,Doral,,Nottingham,2013,,,,,,,0.01,12.8,0.02,11.58,9081,0.15,0.67,0.14,2.2,57.91,48452,6479,69.69,0.35,1385,0.35,5548,0.05,17.18,6552,0.05,17.71,3.35,0,0.01,33.07,1.66,0.01
a-0000141,U.Nottm_BnASSYST-141,BnASSYST-141,Edita,,Nottingham,2013,,,,,,,0.01,14.38,0.02,13.71,10818,0.18,0.67,0.14,2.12,64.83,46941,7644,80.73,0.44,1789,0.35,4305,0.05,15.65,6911,0.04,21.79,4.13,0,0.01,30.9,2.02,0.01
a-0000143,U.Nottm_BnASSYST-143,BnASSYST-143,Gross-Luesewitzer ,,Nottingham,2013,,,,,,,0.01,11.69,0.02,14.76,8580,0.13,0.67,0.15,1.76,57.92,46408,6573,84.31,0.52,1319,0.35,4679,0.03,14.51,6394,0.05,17.41,3.52,0,0.01,26.79,1.58,0.01
a-0000144,U.Nottm_BnASSYST-144,BnASSYST-144,Gülzower Ölquell,,Nottingham,2013,,,,,,,0.01,11.14,0.02,14.1,10169,0.11,0.67,0.13,1.67,57.97,42818,7078,61.93,0.31,1342,0.35,4175,0.05,14.02,6537,0.05,19.32,3.6,0,0.01,28.41,1.81,0.01
a-0000145,U.Nottm_BnASSYST-145,BnASSYST-145,Hokkai 3-Go,,Nottingham,2013,,,,,,,0.02,10.54,0.02,16.86,10091,0.15,0.68,0.23,2.58,72.66,43734,7770,84.65,0.37,1577,0.35,4807,0.06,14.26,5858,0.06,19.77,3.7,0,0.01,30.9,1.75,0.01
a-0000146,U.Nottm_BnASSYST-146,BnASSYST-146,Janpol,,Nottingham,2013,,,,,,,0.01,7.92,0.01,12.27,9346,0.16,0.68,0.11,1.86,65.33,39628,7011,51.85,0.48,1455,0.35,5122,0.03,12.51,6826,0.05,18.84,3.41,0,0.01,30.19,1.81,0.02
a-0000147,U.Nottm_BnASSYST-147,BnASSYST-147,Jantar,,Nottingham,2013,,,,,,,0.02,8.22,0.02,13.68,9674,0.14,0.67,0.17,1.8,60.97,38419,7439,65.65,0.57,1502,0.35,4289,0.05,11.8,5637,0.04,18.8,3.22,0,0.01,27.5,1.71,0.01
a-0000148,U.Nottm_BnASSYST-148,BnASSYST-148,Jupiter,,Nottingham,2013,,,,,,,0.01,8.84,0.02,15.81,12226,0.15,0.68,0.14,2.22,49.31,38441,8091,92.34,1.03,1281,0.35,4305,0.05,12.24,4975,0.04,25.02,4.16,0,0.01,28.31,2.44,0.01
a-0000149,U.Nottm_BnASSYST-149,BnASSYST-149,Krapphauser,,Nottingham,2013,,,,,,,0.02,8.09,0.02,11.75,9299,0.13,0.68,0.14,1.99,52.86,39790,6975,65.18,0.21,1661,0.35,3931,0.06,12.34,5094,0.06,18.52,3.48,0,0.01,26.37,1.57,0.01
a-0000150,U.Nottm_BnASSYST-150,BnASSYST-150,Kromerska,,Nottingham,2013,,,,,,,0.01,8.09,0.02,15.63,9385,0.23,0.67,0.16,2.28,70.74,40834,7077,88.14,0.36,1709,0.35,4306,0.09,12.8,5687,0.04,16.9,3.69,0,0.01,30.35,1.6,0.02
a-0000151,U.Nottm_BnASSYST-151,BnASSYST-151,Librador,,Nottingham,2013,,,,,,,0.01,10.78,0.02,12.75,9171,0.18,0.67,0.17,2.47,67.03,42725,6074,83.29,0.64,1771,0.35,4427,0.07,12.88,8060,0.06,15.7,3.59,0,0.01,31.22,1.51,0.01
a-0000152,U.Nottm_BnASSYST-152,BnASSYST-152,Libritta,,Nottingham,2013,,,,,,,0.01,7.83,0.02,13.1,9219,0.16,0.68,0.12,2.29,64.83,40279,6362,62.92,0.32,1365,0.35,4851,0.06,12.48,5727,0.08,16.64,3.49,0,0.01,31.76,1.56,0.01
a-0000153,U.Nottm_BnASSYST-153,BnASSYST-153,Liglory,,Nottingham,2013,,,,,,,0.01,8.32,0.02,16.43,9336,0.19,0.65,0.17,2.17,55.76,35692,6210,80.24,0.34,1559,0.35,4399,0.08,11.02,6077,0.05,17.24,3.47,0,0.01,25.84,1.72,0.01
a-0000154,U.Nottm_BnASSYST-154,BnASSYST-154,Liporta,,Nottingham,2013,,,,,,,0.01,10.65,0.01,11.66,10061,0.13,0.68,0.15,1.94,54.93,42705,7524,77.17,0.35,1309,0.35,4203,0.03,13.68,6620,0.04,19.45,4.19,0,0.01,27.88,1.72,0.01
a-0000155,U.Nottm_BnASSYST-155,BnASSYST-155,Lirafit,,Nottingham,2013,,,,,,,0.01,8.76,0.02,12.61,9788,0.18,0.67,0.15,2.6,66.8,40732,7565,71.94,0.26,2054,0.35,4766,0.06,13.75,5714,0.05,18.2,3.46,0,0.01,31.2,1.55,0.01
a-0000156,U.Nottm_BnASSYST-156,BnASSYST-156,Lirakotta,,Nottingham,2013,,,,,,,0.01,9.33,0.02,15.49,11320,0.15,0.68,0.15,1.61,58.47,36795,8105,78.92,0.4,1557,0.35,5138,0.06,11.15,7080,0,22.27,4.61,0,0.01,26.09,1.97,0.01
a-0000157,U.Nottm_BnASSYST-157,BnASSYST-157,Madora,,Nottingham,2013,,,,,,,0.01,8.81,0.01,10.76,9243,0.21,0.68,0.15,2.22,59.98,38259,7190,60.52,0.33,1909,0.35,4955,0.06,13.63,6808,0.05,18.77,3.36,0,0.01,32.97,1.59,0.01
a-0000160,U.Nottm_BnASSYST-160,BnASSYST-160,Matador,,Nottingham,2013,,,,,,,0.01,7.01,0.02,10.39,8933,0.11,0.68,0.15,2.3,51.01,37365,6089,65.66,0.47,1121,0.35,4430,0.05,11.95,6526,0.06,16.37,3.13,0,0.01,30.7,1.51,0.01
a-0000161,U.Nottm_BnASSYST-161,BnASSYST-161,Mestnij,,Nottingham,2013,,,,,,,0.01,11.21,0.03,15.92,11484,0.16,0.67,0.18,2.5,55.21,36602,8626,85.35,0.36,1688,0.35,4115,0.1,11.42,5579,0.05,23.01,4.14,0,0.02,31.98,2.04,0.02
a-0000162,U.Nottm_BnASSYST-162,BnASSYST-162,Moldavia,,Nottingham,2013,,,,,,,0.01,13.18,0.02,9.66,12050,0.14,0.68,0.22,2.17,54.84,39753,9032,108.94,0.7,1979,0.36,3778,0.1,12.42,6056,0.06,23.66,4.34,0,0.02,24.6,2.12,0.01
a-0000163,U.Nottm_BnASSYST-163,BnASSYST-163,Mytnickij,,Nottingham,2013,,,,,,,0.01,7.36,0.01,9.94,7809,0.09,0.68,0.16,2.06,53.3,37525,6347,69.57,0.21,1107,0.35,4815,0.04,11.98,6515,0.08,14.36,2.67,0,0.01,34.3,1.32,0.01
a-0000164,U.Nottm_BnASSYST-164,BnASSYST-164,Nemertschanskij 1,,Nottingham,2013,,,,,,,0.01,13.68,0.02,14.21,12329,0.15,0.65,0.19,2.06,62.23,44363,9052,112.59,0.39,1796,0.35,4284,0.1,13.85,6814,0.04,23.68,4.27,0,0.01,35.36,2.25,0.02
a-0000165,U.Nottm_BnASSYST-165,BnASSYST-165,Norde,,Nottingham,2013,,,,,,,0.01,11.09,0.02,11.35,9948,0.12,0.67,0.14,1.81,50.02,44463,7375,61.88,0.42,1424,0.35,4439,0.05,15.02,5273,0.05,20.28,3.75,0,0.02,31.42,2.06,0.01
a-0000166,U.Nottm_BnASSYST-166,BnASSYST-166,Panter,,Nottingham,2013,,,,,,,0.02,9.38,0.02,13.18,9117,0.14,0.66,0.15,2.2,56.84,38739,7080,83.84,0.45,1116,0.36,4513,0.03,12.45,6777,0.05,18.38,3.33,0,0.01,28.45,1.65,0.01
a-0000168,U.Nottm_BnASSYST-168,BnASSYST-168,Ramses,,Nottingham,2013,,,,,,,0.01,8.99,0.02,12.86,8472,0.12,0.69,0.14,1.96,53.53,42465,6921,54.5,0.2,1463,0.35,4960,0.06,13.5,6915,0.08,15.73,2.99,0,0.01,30.39,1.42,0.01
a-0000169,U.Nottm_BnASSYST-169,BnASSYST-169,Sarepta,,Nottingham,2013,,,,,,,0.01,8.35,0.02,9.41,9730,0.17,0.68,0.13,1.41,49.53,44096,8377,53.73,0.24,1778,0.35,4257,0.08,14.69,6344,0.05,19.25,3.84,0,0.01,25.54,1.55,0.01
a-0000170,U.Nottm_BnASSYST-170,BnASSYST-170,Skrzeszowicki,,Nottingham,2013,,,,,,,0.01,9.06,0.02,13.86,8811,0.13,0.67,0.16,1.57,55.29,42981,7242,75.04,0.38,1409,0.35,4784,0.05,13.81,6572,0.04,16.94,3.12,0,0.01,33.44,1.49,0.01
a-0000171,U.Nottm_BnASSYST-171,BnASSYST-171,Skziverskij,,Nottingham,2013,,,,,,,0.01,14.53,0.02,14.49,8388,0.12,0.68,0.16,1.99,61.56,45085,7342,66.19,0.25,1423,0.35,4974,0.07,15.02,6482,0.05,15,3.03,0,0.01,29.91,1.41,0.01
a-0000172,U.Nottm_BnASSYST-172,BnASSYST-172,Slovenska Krajova,,Nottingham,2013,,,,,,,0.02,11.33,0.02,13.73,9215,0.2,0.67,0.14,1.94,65.72,41543,7125,81.74,0.2,1168,0.35,5140,0.05,13.23,6092,0.05,17.23,3.12,0,0.01,38.96,1.45,0.01
a-0000173,U.Nottm_BnASSYST-173,BnASSYST-173,Sobotkowski,,Nottingham,2013,,,,,,,0.01,8.95,0.02,16,9483,0.12,0.67,0.19,2.41,61.74,46875,8045,71.62,0.33,1192,0.35,5340,0.04,15.36,6848,0.06,18.34,3.54,0,0.01,27.65,1.65,0.02
a-0000174,U.Nottm_BnASSYST-174,BnASSYST-174,Sonnengold,,Nottingham,2013,,,,,,,0.01,13.51,0.02,15.04,10319,0.12,0.67,0.17,1.65,56,43698,7062,82.52,0.45,1354,0.53,4301,0.05,14.53,6725,0.05,18.96,3.41,0,0.01,29.47,1.71,0.01
a-0000175,U.Nottm_BnASSYST-175,BnASSYST-175,Start,,Nottingham,2013,,,,,,,0.01,9.28,0.02,11.2,9531,0.13,0.65,0.17,2.82,63.42,41821,8049,72,0.65,1593,0.35,5110,0.04,14.07,6517,0.1,17.98,3.47,0,0.01,28.65,1.61,0.01
a-0000176,U.Nottm_BnASSYST-176,BnASSYST-176,Trebicska,,Nottingham,2013,,,,,,,0.01,7.68,0.02,10.92,11603,0.19,0.68,0.11,2.11,57.66,45294,8270,68.43,0.55,1844,0.35,4893,0.03,14.52,7021,0.1,24.56,4.43,0,0.01,29.55,2.16,0.01
a-0000178,U.Nottm_BnASSYST-178,BnASSYST-178,Vinnickij 15/59,,Nottingham,2013,,,,,,,0.02,8.25,0.02,16.23,8980,0.14,0.88,0.15,2.29,59.17,43100,6351,83.36,0.3,1243,0.35,5285,0.05,13.97,6670,0.06,16.74,3.13,0,0.01,39.44,1.44,0.02
a-0000179,U.Nottm_BnASSYST-179,BnASSYST-179,Wolynski,,Nottingham,2013,,,,,,,0.01,8.77,0.02,12.08,8854,0.12,0.68,0.16,2.26,52.96,46879,7052,69.55,0.29,1287,0.35,5043,0.04,15.2,6407,0.13,17.35,3.36,0,0.01,30.92,1.45,0.01
a-0000180,U.Nottm_BnASSYST-180,BnASSYST-180,V8,,Nottingham,2013,,,,,,,0.01,9.94,0.02,13.08,8236,0.07,0.69,0.2,1.94,56.76,39699,5994,91.71,0.42,1133,0.33,4874,0.04,12.67,6391,0.04,14.59,3.06,0,0.01,29.76,1.43,0.01
a-0000183,U.Nottm_BnASSYST-183,BnASSYST-183,K26-96,,Nottingham,2013,,,,,,,0.01,13.67,0.02,10.78,8504,0.11,0.68,0.17,1.77,57.42,36288,7568,66.59,0.41,934,0.35,4399,0.05,11.95,5901,0.01,15.76,2.96,0,0.01,23.16,1.44,0.02
a-0000184,U.Nottm_BnASSYST-184,BnASSYST-184,R53,,Nottingham,2013,,,,,,,0.02,13.76,0.02,20.65,9638,0.17,0.67,0.18,1.99,62.99,45440,8363,73.89,0.36,1586,0.35,5292,0.08,14.45,6339,0.05,19.4,3.62,0,0.01,29.67,1.88,0.01
a-0000185,U.Nottm_BnASSYST-185,BnASSYST-185,CANARD,,Nottingham,2013,,,,,,,0.01,10.03,0.02,12.11,8627,0.11,0.67,0.17,2.27,49.76,34981,6786,63.32,0.78,1522,0.35,4535,0.05,11.87,5267,0.05,16.52,3.29,0,0.01,31.65,1.43,0.01
a-0000186,U.Nottm_BnASSYST-186,BnASSYST-186,"MOANA, MOANA RAPE",,Nottingham,2013,,,,,,,0.01,7.33,0.02,14.02,10019,0.17,0.66,0.23,2.22,50.24,38781,7943,51.63,0.37,1758,0.35,4748,0.05,13.42,6948,0.05,19.89,3.99,0,0.01,33.48,1.65,0.01
a-0000187,U.Nottm_BnASSYST-187,BnASSYST-187,WINFRED,,Nottingham,2013,,,,,,,0.02,7.9,0.01,10.68,8296,0.13,0.68,0.15,2.17,54.22,43216,6279,46.25,0.19,1277,0.35,5110,0.02,15.15,6216,0.09,16.03,3.13,0,0.01,30.07,1.41,0.01
a-0000188,U.Nottm_BnASSYST-188,BnASSYST-188,EMERALD,,Nottingham,2013,,,,,,,0.01,8.11,0.02,16.17,9095,0.12,0.68,0.2,2.16,60.61,41332,7504,65.81,0.64,1544,0.35,5750,0.06,14.32,6982,0.05,17.34,3.02,0,0.01,34.42,1.51,0.01
a-0000189,U.Nottm_BnASSYST-189,BnASSYST-189,FORA,,Nottingham,2013,,,,,,,0.01,9.35,0.02,13.84,8812,0.21,0.63,0.16,2.08,59.48,33406,7973,58.51,0.65,1325,0.35,5470,0.06,11.96,8478,0.01,17.25,2.44,0,0.01,32.89,1.48,0.01
a-0000190,U.Nottm_BnASSYST-190,BnASSYST-190,Aphid Resistant Rape,,Nottingham,2013,,,,,,,0.01,13.32,0.02,14.78,12109,0.12,0.84,0.26,2.33,51.3,42430,8426,81.13,0.68,1672,0.35,5067,0.05,13.66,8712,0.06,23.48,4.64,0,0.01,25.66,2.45,0.01
a-0000191,U.Nottm_BnASSYST-191,BnASSYST-191,Binera,,Nottingham,2013,,,,,,,0.01,10.12,0.01,12.35,8944,0.14,0.68,0.18,1.83,56.58,42903,7043,74.5,0.38,1512,0.35,4832,0.07,14.37,6926,0.07,17.15,3.58,0,0.01,27.49,1.54,0.01
a-0000193,U.Nottm_BnASSYST-193,BnASSYST-193,Dwarf Essex,,Nottingham,2013,,,,,,,0.01,10,0.02,9.75,7633,0.26,0.67,0.11,2,47.79,34103,6742,54.02,0.59,1535,0.35,4488,0.06,11.23,6667,0.06,14.99,2.92,0,0.01,21.98,1.34,0.01
a-0000194,U.Nottm_BnASSYST-194,BnASSYST-194,English Giant,,Nottingham,2013,,,,,,,0.01,7.65,0.02,16.34,12156,0.15,0.68,0.22,2.57,56.46,42876,9514,99.85,0.68,2104,0.35,5038,0.06,14.03,7205,0.05,24.16,4.27,0,0.01,38.67,2.18,0.01
a-0000195,U.Nottm_BnASSYST-195,BnASSYST-195,Liragrün,,Nottingham,2013,,,,,,,0.01,9.38,0.02,13.35,10293,0.17,0.67,0.13,2.2,56.18,39556,7274,79.64,0.42,1618,0.35,4827,0.03,13.26,6224,0.05,20.96,3.61,0,0.01,37.8,1.94,0.01
a-0000196,U.Nottm_BnASSYST-196,BnASSYST-196,Michinaku natane,,Nottingham,2013,,,,,,,0.01,13.4,0.02,15.2,11617,0.26,0.68,0.2,2.43,57.82,46841,9125,84.65,0.46,1932,0.35,4396,0.07,16.18,7375,0.07,24.85,4.3,0,0.02,30.63,2.42,0.01
a-0000197,U.Nottm_BnASSYST-197,BnASSYST-197,Nunsdale,,Nottingham,2013,,,,,,,0.01,9.78,0.01,12.83,8614,0.15,0.66,0.17,2.09,62.16,39346,6864,92.33,0.36,1296,0.35,5100,0.03,12.54,7421,0.06,16.27,3.32,0,0.01,29.27,1.36,0.01
a-0000199,U.Nottm_BnASSYST-199,BnASSYST-199,Parapluie,,Nottingham,2013,,,,,,,0.01,10.76,0.02,14.16,9657,0.12,0.67,0.13,1.75,53.09,35399,8025,51.09,0.38,1712,0.35,5179,0.07,11.87,6382,0.05,18.89,3.89,0,0.01,26.8,1.65,0.01
a-0000200,U.Nottm_BnASSYST-200,BnASSYST-200,Samo,,Nottingham,2013,,,,,,,0.01,7.74,0.02,10.49,9409,0.14,0.63,0.14,1.62,53.03,37276,7363,55.99,0.57,1523,0.35,4540,0.05,11.87,6116,0.05,17.96,3.49,0,0.01,32.88,1.6,0.01
a-0000201,U.Nottm_BnASSYST-201,BnASSYST-201,Silona,,Nottingham,2013,,,,,,,0.02,12.07,0.02,14.41,10681,0.16,0.68,0.13,2.27,50.14,42531,6875,54.58,0.29,1238,0.35,4072,0.06,14.28,6391,0.07,22.57,3.77,0,0.01,31.43,2.22,0.01
a-0000202,U.Nottm_BnASSYST-202,BnASSYST-202,Chuosenshu,,Nottingham,2013,,,,,,,0.02,9.12,0.01,10.35,8644,0.14,0.67,0.12,2.28,58.59,38457,7317,72.77,0.31,1214,0.35,4709,0.06,11.97,7599,0.07,15.79,3.06,0,0.01,31.09,1.43,0.01
a-0000203,U.Nottm_BnASSYST-203,BnASSYST-203,Taisetsu,,Nottingham,2013,,,,,,,0.01,11.07,0.02,15.18,9535,0.16,0.62,0.16,1.69,61.12,47030,7656,63.8,0.76,1709,0.35,4891,0.07,15.47,8016,0.1,18.42,3.59,0,0.01,29.99,1.7,0.01
a-0000204,U.Nottm_BnASSYST-204,BnASSYST-204,Q100,,Nottingham,2013,,,,,,,0.01,11.98,0.01,12.28,9679,0.14,0.68,0.13,2.21,66.16,40711,6907,76.11,0.44,1399,0.35,5036,0.05,13.58,6585,0.06,19.12,3.23,0,0.01,30.54,2.19,0.01
a-0000206,U.Nottm_BnASSYST-206,BnASSYST-206,BRAUNER SCHNITTKOHL,,Nottingham,2013,,,,,,,0.01,7.24,0.01,11.6,8491,0.18,0.68,0.14,2.37,59.09,39962,6035,78.39,0.33,1245,0.35,4971,0.04,13.57,6236,0.05,15.99,3.24,0,0.01,31.98,1.51,0.01
a-0000207,U.Nottm_BnASSYST-207,BnASSYST-207,CHEMBERE DZAGUMHANA,,Nottingham,2013,,,,,,,0.01,5.07,0.02,13.05,10731,0.16,0.68,0.2,2.36,67.72,39469,8610,96.7,0.36,1551,0.35,4857,0.06,12.46,6522,0.09,20.36,3.75,0,0.01,36.62,1.77,0.01
a-0000208,U.Nottm_BnASSYST-208,BnASSYST-208,COUVE NABICA,,Nottingham,2013,,,,,,,0.01,9.81,0.02,13.57,11054,0.21,0.67,0.16,2.31,65.26,45616,9243,71.25,0.43,1430,0.35,4260,0.06,14.48,6757,0.05,21.72,4.3,0,0.01,26.21,1.88,0.01
a-0000209,U.Nottm_BnASSYST-209,BnASSYST-209,RAGGED JACK,,Nottingham,2013,,,,,,,0.02,9.8,0.02,10.87,7025,0.1,0.68,0.13,1.72,56.57,35627,5527,50.68,0.41,1292,0.35,4893,0.07,11.56,6966,0.05,11.92,2.77,0,0.01,26,1.19,0.01
a-0000210,U.Nottm_BnASSYST-210,BnASSYST-210,RED RUSSIAN,,Nottingham,2013,,,,,,,0.01,12.26,0.02,11.32,7839,0.11,0.68,0.14,1.54,49.97,41911,5719,38.97,0.42,1508,0.42,4847,0.06,13.36,6476,0.06,14.04,2.8,0,0.01,28.21,1.33,0.01
a-0000211,U.Nottm_BnASSYST-211,BnASSYST-211,SIBERISCHE BOERENKOOL,,Nottingham,2013,,,,,,,0.01,9.41,0.02,13.36,8403,0.15,0.68,0.13,2.21,57.27,33093,5816,69.32,0.45,1396,0.35,4002,0.05,9.18,5296,0.07,16.08,3.02,0,0.01,25.06,1.7,0.01
a-0000212,U.Nottm_BnASSYST-212,BnASSYST-212,"SLAPSKA, SLAPY",,Nottingham,2013,,,,,,,0.02,7.48,0.02,15.64,8727,0.15,0.66,0.14,2.04,55.58,40320,6879,65.54,0.59,2057,0.35,4405,0.08,13.34,5890,0.05,16.56,4.03,0,0.01,26.17,1.51,0.01
a-0000213,U.Nottm_BnASSYST-213,BnASSYST-213,ABUKUMA NATANE,,Nottingham,2013,,,,,,,0.02,11.45,0.02,10.46,9217,0.14,0.68,0.15,1.85,59.97,41901,6781,69.53,0.28,1384,0.35,4772,0.06,13.46,6744,0.05,17.62,3.38,0,0.01,27.11,1.67,0.01
a-0000214,U.Nottm_BnASSYST-214,BnASSYST-214,PI271452,,Nottingham,2013,,,,,,,0.01,12.93,0.03,23.25,15478,0.22,0.68,0.23,2.15,63.12,41403,11822,120.65,0.73,2881,0.35,4494,0.09,13.61,8563,0.05,30.62,6.18,0,0.02,25.48,2.73,0.01
a-0000216,U.Nottm_BnASSYST-216,BnASSYST-216,E94197,,Nottingham,2013,,,,,,,0.01,9.08,0.02,12.68,10218,0.15,0.68,0.2,2.15,66.17,39032,7937,91.1,0.51,1946,0.35,4588,0.04,12.22,7111,0.09,19.06,3.8,0,0.01,26.26,1.75,0.01
a-0000217,U.Nottm_BnASSYST-217,BnASSYST-217,EVVIN,,Nottingham,2013,,,,,,,0.01,12.57,0.03,19.56,14315,0.2,0.68,0.21,2.34,67.09,44463,10675,111.8,0.96,2629,0.35,4507,0.08,13.08,10860,0.07,27.13,5.5,0,0.01,26.56,2.64,0.01
a-0000218,U.Nottm_BnASSYST-218,BnASSYST-218,GROENE GRONINGER SNIJMOES,,Nottingham,2013,,,,,,,0.01,10.4,0.02,11.36,8444,0.14,0.68,0.13,1.77,59.87,32875,5853,86.71,0.43,1263,0.35,3444,0.05,11.5,4720,0.05,16.85,2.9,0,0.01,31.12,1.85,0.01
a-0000219,U.Nottm_BnASSYST-219,BnASSYST-219,GR_NER SCHNITTKOHL,,Nottingham,2013,,,,,,,0.01,9.82,0.01,10.89,9486,0.17,0.68,0.17,2.1,58.45,36048,7531,76.79,0.36,1565,0.35,4899,0.04,11.85,6144,0.06,18.78,3.35,0,0.01,31.88,1.78,0.01
a-0000221,U.Nottm_BnASSYST-221,BnASSYST-221,RAPID CYCLING RAPE (CrGC5),,Nottingham,2013,,,,,,,0.01,23.2,0.04,17.31,15804,0.18,0.69,0.18,3.53,57.36,43982,11447,103.62,1.47,3045,0.35,5062,0.18,12.42,10767,0.07,32.91,5.23,0,0.02,24.89,3.49,0.01
a-0000222,U.Nottm_BnASSYST-222,BnASSYST-222,RUSSIAN KALE,,Nottingham,2013,,,,,,,0.01,10.96,0.03,11.97,8254,0.2,0.68,0.14,1.75,55.37,42891,6208,48.61,0.43,1601,0.35,4761,0.05,13.68,7267,0.06,15.52,2.96,0,0.01,26.64,1.46,0.01
a-0000224,U.Nottm_BnASSYST-224,BnASSYST-224,WILD ACCESSION,,Nottingham,2013,,,,,,,0.02,10.61,0.03,18.37,12635,0.21,0.69,0.18,3.05,58.75,42243,9141,119.15,1.45,2154,0.35,5166,0.08,13.25,10125,0.06,24.93,4.7,0,0.02,38.12,2.61,0.01
a-0000226,U.Nottm_BnASSYST-229,BnASSYST-229,SWU Chinese 1,,Nottingham,2013,,,,,,,0.01,17.71,0.03,14.47,14054,0.14,0.68,0.24,2.22,66.75,35914,10077,104.86,0.68,1981,0.35,5174,0.09,12.02,7216,0.06,27.67,5.05,0,0.02,27.58,2.43,0.01
a-0000227,U.Nottm_BnASSYST-230,BnASSYST-230,SWU Chinese 2,,Nottingham,2013,,,,,,,0.01,14.3,0.02,11.34,13389,0.21,0.68,0.16,2.43,54.93,45370,9253,77.39,0.51,2829,0.35,4288,0.08,15.5,6548,0.13,25.51,4.71,0,0.02,34.92,2.09,0.01
a-0000228,U.Nottm_BnASSYST-231,BnASSYST-231,SWU Chinese 3,,Nottingham,2013,,,,,,,0.01,11.05,0.02,16.17,10191,0.21,0.62,0.18,2.44,56.27,48844,8506,65.2,0.44,2065,0.35,5105,0.08,17.96,6927,0.06,20.55,3.96,0,0.02,37.5,1.75,0.01
a-0000229,U.Nottm_BnASSYST-232,BnASSYST-232,SWU Chinese 5,,Nottingham,2013,,,,,,,0.01,10.79,0.02,11.15,11374,0.18,0.68,0.16,1.93,51.74,35721,8114,74.33,0.41,1873,0.35,5451,0.05,12.13,7079,0.08,21.99,4.09,0,0.02,29.76,1.91,0.01
a-0000232,U.Nottm_BnASSYST-235,BnASSYST-235,SWU Chinese 8,,Nottingham,2013,,,,,,,0.02,10.72,0.03,9.21,14457,0.18,0.67,0.19,1.89,58.3,44669,10655,71.05,0.42,2460,0.35,4523,0.06,13.97,8245,0.01,30.39,5.21,0,0.02,19.88,2.56,0.02
a-0000233,U.Nottm_BnASSYST-236,BnASSYST-236,SWU Chinese 9,,Nottingham,2013,,,,,,,0.01,8.54,0.03,16.45,15066,0.2,0.67,0.23,2.18,57.2,44186,12165,113.78,0.49,1974,0.35,4824,0.07,14.08,7341,0.12,29.91,4.93,0,0.02,30.75,2.74,0.01
a-0000234,U.Nottm_BnASSYST-237,BnASSYST-237,Zhouyou,,Nottingham,2013,,,,,,,0.01,9.34,0.02,13.43,11447,0.17,0.68,0.16,1.46,45.21,37738,8880,63.95,0.31,1698,0.35,4569,0.07,12.35,6787,0.04,22.07,4.19,0,0.01,25.31,1.81,0.01
a-0000235,U.Nottm_BnASSYST-238,BnASSYST-238,Drakkar,,Nottingham,2013,,,,,,,0.01,14.14,0.03,15.33,13620,0.13,0.67,0.23,2.33,69.09,33046,9998,98.83,0.6,2111,0.5,5394,0.1,9.83,7630,0.04,26.55,5.59,0,0.01,26.33,2.65,0.01
a-0000236,U.Nottm_BnASSYST-239,BnASSYST-239,STELLAR DH,,Nottingham,2013,,,,,,,0.01,9.76,0.02,14.29,9306,0.22,0.68,0.13,1.98,73.4,39782,7640,88.44,0.27,1587,0.35,4750,0.05,11.87,7220,0.04,17.78,3.53,0,0.01,31.67,1.6,0.01
a-0000237,U.Nottm_BnASSYST-240,BnASSYST-240,WESTAR DH,,Nottingham,2013,,,,,,,0.01,19.39,0.02,11.95,11476,0.21,0.62,0.15,2.33,67.06,43311,10353,85.95,1.12,3018,0.54,4790,0.07,13.19,9144,0.1,19.99,3.83,0,0.02,28.81,1.65,0.01
a-0000238,U.Nottm_BnASSYST-241,BnASSYST-241,YUDAL,,Nottingham,2013,,,,,,,0.01,8.4,0.02,13.82,11096,0.19,0.67,0.19,2.5,53.37,43704,9978,47.42,0.63,1860,0.35,5460,0.04,14.27,9483,0.06,22.37,3.24,0,0.01,33.56,1.78,0.01
a-0000239,U.Nottm_BnASSYST-242,BnASSYST-242,BRUTOR,,Nottingham,2013,,,,,,,0.02,7.46,0.02,13.27,9399,0.17,0.63,0.21,2.39,71.51,42531,7639,101.35,0.81,2192,0.35,4136,0.07,13.19,7175,0.06,16.16,3.75,0,0.01,24.97,1.39,0.01
a-0000241,U.Nottm_BnASSYST-244,BnASSYST-244,COMET,,Nottingham,2013,,,,,,,0.01,10.14,0.03,18.07,13874,0.19,0.67,0.16,2.74,65.87,36412,10639,97.43,0.91,1593,0.35,5484,0.06,10.96,9248,0.05,28.33,5.11,0,0.01,29.17,2.73,0.01
a-0000242,U.Nottm_BnASSYST-245,BnASSYST-245,CRESOR,,Nottingham,2013,,,,,,,0.02,10.15,0.02,14.48,11613,0.16,0.67,0.18,2.38,58.11,43746,8461,109.89,0.63,1761,0.35,5003,0.05,14.05,7397,0.05,21.99,3.61,0,0.01,29.99,2.08,0.01
a-0000247,U.Nottm_BnASSYST-250,BnASSYST-250,INDUSTRY,,Nottingham,2013,,,,,,,0.01,9.78,0.03,16.79,14924,0.16,0.68,0.22,2.06,59.5,34571,13132,84.24,0.68,2871,0.35,4715,0.08,10.66,6373,0.1,30.14,4.9,0,0.02,29.56,2.82,0.02
a-0000248,U.Nottm_BnASSYST-251,BnASSYST-251,KARAT,,Nottingham,2013,,,,,,,0.01,12.12,0.02,11.51,9819,0.13,0.66,0.17,2.3,69.72,44227,7386,66.08,0.45,2101,0.36,4810,0.06,14.05,6508,0.07,17.56,3.77,0,0.01,28.71,1.63,0.01
a-0000249,U.Nottm_BnASSYST-252,BnASSYST-252,MARINKA,,Nottingham,2013,,,,,,,0.01,8.7,0.02,15.4,12454,0.22,0.68,0.18,2.39,62.87,40278,9391,85.77,0.74,1673,0.35,5685,0.06,12.85,10981,0.05,23.28,4.15,0,0.01,34.02,2.06,0.01
a-0000250,U.Nottm_BnASSYST-253,BnASSYST-253,NIKLAS,,Nottingham,2013,,,,,,,0.02,13.92,0.02,17.62,11602,0.17,0.67,0.21,3.14,73.74,42281,8106,134.44,0.73,2584,0.35,5243,0.08,12.8,8615,0.09,20.11,3.94,0,0.01,31.75,1.8,0.01
a-0000251,U.Nottm_BnASSYST-254,BnASSYST-254,TARGET,,Nottingham,2013,,,,,,,0.01,8.39,0.03,17.71,10778,0.23,0.67,0.19,2.65,59.48,44868,9121,98.28,0.86,1755,0.35,5048,0.09,14.17,7932,0.06,20.05,4.34,0,0.01,33.63,1.74,0.01
a-0000253,U.Nottm_BnASSYST-256,BnASSYST-256,KAROO-057DH,,Nottingham,2013,,,,,,,0.01,11.35,0.03,14.49,12849,0.23,0.68,0.17,2.12,61.96,45956,10459,102.96,1.39,3136,0.36,5194,0.08,14.99,10921,0.06,21.53,4.61,0,0.01,25.28,1.86,0.01
a-0000254,U.Nottm_BnASSYST-257,BnASSYST-257,MONTY-028DH,,Nottingham,2013,,,,,,,0.01,10.46,0.02,10.98,10627,0.26,0.68,0.15,2.2,57.86,48331,9039,82.01,0.4,1944,0.35,5198,0.06,15.44,7589,0.05,20.11,3.74,0,0.01,37.33,1.56,0.01
a-0000255,U.Nottm_BnASSYST-258,BnASSYST-258,N01D-1330,,Nottingham,2013,,,,,,,0.01,9.23,0.02,18.8,9660,0.24,0.67,0.18,2.47,52.6,45691,7628,85.62,0.97,1414,0.35,4667,0.08,14.9,7543,0.06,18,3.64,0,0.01,33.95,1.61,0.01
a-0000256,U.Nottm_BnASSYST-259,BnASSYST-259,N02D-1952,,Nottingham,2013,,,,,,,0.01,12.54,0.03,20.42,15755,0.24,0.68,0.19,2.25,52.56,43832,9498,120.21,0.96,1904,0.56,4073,0.08,13.17,8224,0.07,29.28,6.11,0,0.01,27.29,3.01,0.02
a-0000257,U.Nottm_BnASSYST-260,BnASSYST-260,SURPASS400-024DH,,Nottingham,2013,,,,,,,0.02,15.06,0.04,15.89,18776,0.27,0.67,0.28,3.12,74.25,26228,13415,164.54,1.42,2276,0.35,3903,0.12,7.5,8658,0.06,40.55,7.82,0,0.02,22.99,3.87,0.01
a-0000258,U.Nottm_BnASSYST-261,BnASSYST-261,CUBS ROOT,,Nottingham,2013,,,,,,,0.01,24.27,0.02,14.24,12623,0.2,0.67,0.23,1.53,74.75,44113,11263,86.43,0.32,1916,0.43,5611,0.05,14.86,7367,0.07,26.12,4.75,0,0.02,28.4,2.39,0.02
a-0000259,U.Nottm_BnASSYST-262,BnASSYST-262,DUX,,Nottingham,2013,,,,,,,0.01,7.86,0.02,16.27,10195,0.17,0.68,0.19,2.14,52.18,41319,8231,74.71,1.04,1612,0.35,5046,0.05,13.12,8738,0.06,19.67,3.54,0,0.01,36.53,1.7,0.01
a-0000260,U.Nottm_BnASSYST-263,BnASSYST-263,ERGLU,,Nottingham,2013,,,,,,,0.01,12.53,0.02,11.45,9923,0.15,0.88,0.13,2.14,54.99,33934,7924,65.64,0.24,1744,0.35,5060,0.05,11.52,6314,0.07,18.35,3.65,0,0.02,31.41,1.63,0.01
a-0000261,U.Nottm_BnASSYST-264,BnASSYST-264,HELIOS,,Nottingham,2013,,,,,,,0.01,6.19,0.02,13.97,11665,0.19,0.68,0.21,1.74,59.64,36075,8493,83.3,0.84,1723,0.35,4660,0.05,10.8,7618,0.05,23.41,4.09,0,0.01,26.69,2.22,0.01
a-0000262,U.Nottm_BnASSYST-265,BnASSYST-265,KROKO,,Nottingham,2013,,,,,,,0.02,11.21,0.02,9.51,7517,0.14,0.66,0.15,2,73.77,45104,5928,52.92,0.38,1631,0.35,4268,0.08,14.72,5405,0.07,12.45,2.47,0,0.02,22.37,1.12,0.01
a-0000264,U.Nottm_BnASSYST-267,BnASSYST-267,LINETTA,,Nottingham,2013,,,,,,,0.01,7.66,0.02,13.59,10049,0.14,0.88,0.2,2.67,62.23,44230,9173,81.77,1.03,1918,0.35,6179,0.06,14.76,8327,0.06,18.83,3.63,0,0.01,34.75,1.61,0.01
a-0000265,U.Nottm_BnASSYST-268,BnASSYST-268,MAZOWIECKI,,Nottingham,2013,,,,,,,0.01,10.76,0.02,14.61,9274,0.19,0.66,0.16,2.4,58.02,38741,8023,61.85,0.83,1630,0.35,4888,0.1,12.06,7873,0.07,17.94,3.44,0,0.02,29.66,1.64,0.01
a-0000266,U.Nottm_BnASSYST-269,BnASSYST-269,TANTAL,,Nottingham,2013,,,,,,,0.01,11.51,0.02,9.83,11561,0.16,0.67,0.15,2.5,56.75,36416,9418,67.94,0.43,1850,0.35,4709,0.05,11.83,6301,0.07,23.25,3.8,0,0.01,29.5,1.99,0.01
a-0000267,U.Nottm_BnASSYST-270,BnASSYST-270,WEIHENSTEPHANER,,Nottingham,2013,,,,,,,0.01,10.31,0.02,13.23,10207,0.15,0.68,0.24,2.63,60.59,42410,8407,101.53,0.95,1748,0.35,6006,0.11,13.58,9319,0.06,19.43,3,0,0.01,35.76,1.81,0.01
a-0000268,U.Nottm_BnASSYST-271,BnASSYST-271,Liho,,Nottingham,2013,,,,,,,0.01,24.53,0.03,15.79,12269,0.19,0.68,0.22,1.97,57.2,37731,9807,105.77,0.88,2526,0.35,3788,0.11,11.41,8550,0.06,22.29,4.52,0,0.02,25.82,1.97,0.01
a-0000269,U.Nottm_BnASSYST-272,BnASSYST-272,Alku,,Nottingham,2013,,,,,,,0.01,11.59,0.02,18.74,11225,0.16,0.67,0.2,3.55,55.93,40236,8519,92.58,0.6,1674,0.35,5519,0.05,13.49,6775,0.06,21.74,2.95,0,0.01,33.52,1.93,0.01
a-0000270,U.Nottm_BnASSYST-273,BnASSYST-273,Bronowski,,Nottingham,2013,,,,,,,0.01,7.52,0.01,10.5,8826,0.14,0.68,0.19,2.17,53.33,39733,7174,60.98,0.71,1464,0.35,4678,0.06,13.07,6972,0.09,15.18,2.89,0,0.01,27.26,1.31,0.01
a-0000271,U.Nottm_BnASSYST-274,BnASSYST-274,Ceska Krajova,,Nottingham,2013,,,,,,,0.01,13.64,0.02,17.19,11873,0.13,0.68,0.21,2.39,60.33,32055,9936,112.67,1.19,1861,0.35,4203,0.08,9.52,7740,0.04,27.39,4.68,0,0.01,25.21,2.72,0.01
a-0000272,U.Nottm_BnASSYST-275,BnASSYST-275,Duplo,,Nottingham,2013,,,,,,,0.01,5.98,0.02,11.33,9503,0.14,0.67,0.18,2.2,53.22,38784,8379,95.36,0.54,1783,0.35,4214,0.06,12.93,7804,0.09,18.56,3.21,0,0.01,25.87,1.63,0.01
a-0000273,U.Nottm_BnASSYST-276,BnASSYST-276,Janetzkis Sommerraps,,Nottingham,2013,,,,,,,0.01,6.26,0.02,14.69,11350,0.19,0.68,0.16,2.01,54.37,38658,9449,80.25,0.74,1834,0.35,4847,0.06,11.88,7926,0.09,22.37,3.66,0,0.01,31.96,2.07,0.01
a-0000274,U.Nottm_BnASSYST-277,BnASSYST-277,Line,,Nottingham,2013,,,,,,,0.01,8.81,0.02,14.48,8851,0.15,0.66,0.18,2.61,67.86,40083,7274,97.59,0.76,1510,0.35,5340,0.05,13.04,7425,0.04,16.43,3.2,0,0.01,32.99,1.53,0.01
a-0000275,U.Nottm_BnASSYST-278,BnASSYST-278,Marnoo,,Nottingham,2013,,,,,,,0.01,8.68,0.03,14.48,10237,0.23,0.66,0.16,2.21,63.15,42419,9101,94.34,1.04,2405,0.35,5300,0.05,14.27,9322,0.05,19.18,3.7,0,0.01,34.98,1.58,0.01
a-0000276,U.Nottm_BnASSYST-279,BnASSYST-279,Nugget,,Nottingham,2013,,,,,,,0.02,10.02,0.02,22.57,14552,0.24,0.68,0.15,2.44,59.8,44675,10143,121.4,1.22,2186,0.35,5037,0.06,13.96,9213,0.05,29.62,4.99,0,0.01,38.28,2.85,0.01
a-0000277,U.Nottm_BnASSYST-280,BnASSYST-280,Olga,,Nottingham,2013,,,,,,,0.01,12.48,0.02,21.65,11445,0.18,0.63,0.2,2.86,59.51,42720,8201,96.65,1.26,1719,0.35,5144,0.08,12.7,9826,0.07,22.83,3.56,0,0.01,38.7,2.14,0.01
a-0000278,U.Nottm_BnASSYST-281,BnASSYST-281,Spaeths Zollerngold,,Nottingham,2013,,,,,,,0.01,9.27,0.02,14.82,11292,0.18,0.69,0.18,1.86,57.41,44426,9411,72.63,0.55,1989,0.35,5138,0.08,14.35,7847,0.06,22.64,4.15,0,0.01,30.06,1.88,0.01
a-0000279,U.Nottm_BnASSYST-282,BnASSYST-282,Svalöf's Gulle,,Nottingham,2013,,,,,,,0.01,13.23,0.02,18.44,11835,0.15,0.66,0.2,2.33,58.27,45044,8950,106.1,0.9,1718,0.35,4987,0.06,13.66,8002,0.05,22.5,4.99,0,0.01,28.03,2.15,0.01
a-0000280,U.Nottm_BnASSYST-283,BnASSYST-283,Topas,,Nottingham,2013,,,,,,,0.01,22.22,0.01,11.25,7296,0.13,0.68,0.22,2.61,56.71,43749,6558,56.33,0.24,1346,0.43,5247,0.05,14.87,7355,0.04,13.58,2.94,0,0.01,33.71,1.21,0.02
a-0000281,U.Nottm_BnASSYST-284,BnASSYST-284,Tribute,,Nottingham,2013,,,,,,,0.01,10.54,0.03,17.72,10181,0.2,0.67,0.22,2.35,63.82,45715,8311,106.17,1.16,1897,0.35,4719,0.1,14.28,8117,0.04,18.22,3.84,0,0.01,35.92,1.69,0.02
a-0000282,U.Nottm_BnASSYST-285,BnASSYST-285,Wesway,,Nottingham,2013,,,,,,,0.01,10.11,0.04,34.31,17917,0.23,0.66,0.29,2.33,76.25,44950,11471,222.86,1.36,2020,0.35,4193,0.11,13.21,8848,0.08,34.05,6.42,0,0.01,30.37,3.63,0.01
a-0000283,U.Nottm_BnASSYST-286,BnASSYST-286,Fido,,Nottingham,2013,,,,,,,0.01,11.62,0.02,14.55,11437,0.17,0.68,0.2,2.3,65.36,41824,9701,107.27,0.61,2126,0.35,4649,0.06,13.33,9390,0.03,21.47,4.25,0,0.01,29.28,1.91,0.01
a-0000284,U.Nottm_BnASSYST-287,BnASSYST-287,Oro,,Nottingham,2013,,,,,,,0.01,7.27,0.02,14.83,10260,0.23,0.62,0.17,2.56,62.79,42037,9295,99.59,0.8,2366,0.35,5383,0.07,13.7,8431,0.05,18.55,3.84,0,0.01,42.5,1.49,0.01
a-0000285,U.Nottm_BnASSYST-288,BnASSYST-288,Tower,,Nottingham,2013,,,,,,,0.02,12.15,0.03,16.61,10846,0.2,0.85,0.15,2.14,55.32,39931,8385,72.2,1.3,1794,0.48,5178,0.09,12.75,8169,0.06,20.96,3.75,0,0.01,34.61,1.77,0.01
a-0000286,U.Nottm_BnASSYST-289,BnASSYST-289,Regina II,,Nottingham,2013,,,,,,,0.02,11.46,0.02,18.3,11877,0.19,0.68,0.21,3.16,68.87,38180,9698,118.02,0.62,1720,0.35,5844,0.08,11.85,8697,0.05,24.05,4.45,0,0.01,36.68,2.35,0.02
a-0000287,U.Nottm_BnASSYST-290,BnASSYST-290,Ability,,Nottingham,2013,,,,,,,0.01,8.39,0.02,17.27,11150,0.2,0.68,0.17,2.22,56.21,44663,8965,80.42,0.48,1657,0.35,5287,0.06,14.87,9438,0.06,21.76,4.32,0,0.01,32.96,1.96,0.01
a-0000288,U.Nottm_BnASSYST-291,BnASSYST-291,Campino,,Nottingham,2013,,,,,,,0.01,10.48,0.02,15.41,9889,0.16,0.67,0.19,2.62,59.67,43378,8587,83.64,0.67,1596,0.35,5992,0.11,13.83,8448,0.05,18.27,3.14,0,0.01,34.27,1.64,0.01
a-0000289,U.Nottm_BnASSYST-292,BnASSYST-292,Clipper,,Nottingham,2013,,,,,,,0.01,8.27,0.02,14.02,11430,0.17,0.67,0.26,2.6,64.07,42610,9370,122.58,0.86,2004,0.35,5043,0.04,13.64,9620,0.07,21.15,4.21,0,0.01,25.19,1.93,0.01
a-0000290,U.Nottm_BnASSYST-299,BnASSYST-299,Larissa,,Nottingham,2013,,,,,,,0.01,11.73,0.02,17.31,11400,0.16,0.66,0.21,2.61,60.68,40317,7953,95.8,0.73,1988,0.35,5964,0.06,12.36,8569,0.05,22.19,4.51,0,0.01,26.39,2.13,0.01
a-0000291,U.Nottm_BnASSYST-300,BnASSYST-300,Magma,,Nottingham,2013,,,,,,,0.01,12.34,0.02,17.19,12163,0.18,0.67,0.2,2.44,55.91,46775,8866,89.32,0.47,2252,0.35,4355,0.06,14.85,6901,0.1,24.17,4.64,0,0.01,29.99,2.27,0.01
a-0000292,U.Nottm_BnASSYST-301,BnASSYST-301,Monty,,Nottingham,2013,,,,,,,0.02,17.13,0.03,14.96,15712,0.27,0.66,0.15,3.08,59.84,41400,11094,79.42,0.33,2017,0.35,4936,0.14,12.99,5908,0.06,29.77,5.5,0,0.02,29.84,2.63,0.01
a-0000293,U.Nottm_BnASSYST-302,BnASSYST-302,Mozart,,Nottingham,2013,,,,,,,0.01,16.6,0.02,10.33,10896,0.27,0.66,0.09,2.47,57.59,43038,8088,58.21,0.24,1596,0.35,6073,0.03,13.25,9099,0.11,22.74,4.1,0,0.02,40.96,1.7,0.01
a-0000294,U.Nottm_BnASSYST-305,BnASSYST-305,Pauline,,Nottingham,2013,,,,,,,0.01,15.66,0.02,12.98,9618,0.2,0.67,0.17,2.48,59.6,51141,7790,67.02,0.59,1844,0.35,4848,0.07,16.66,6932,0.07,18.22,3.53,0,0.01,34.44,1.6,0.01
a-0000295,U.Nottm_BnASSYST-306,BnASSYST-306,Sophia,,Nottingham,2013,,,,,,,0.01,9.17,0.03,14.19,12056,0.17,0.67,0.21,2.27,62.32,41866,9114,102.81,0.56,2396,0.35,4641,0.09,13.03,8478,0.05,21.75,4.35,0,0.01,30.31,1.91,0.01
a-0000296,U.Nottm_BnASSYST-307,BnASSYST-307,Tribune,,Nottingham,2013,,,,,,,0.01,11.6,0.03,9.13,17290,0.3,0.68,0.17,2.81,63.96,32444,13080,89.46,0.72,2247,0.35,4938,0.07,9.65,9094,0.09,34.86,4.72,0,0.02,33.11,3.05,0.01
a-0000297,U.Nottm_BnASSYST-308,BnASSYST-308,Trigold,,Nottingham,2013,,,,,,,0.01,16.37,0.02,14.68,8259,0.26,0.67,0.17,2,59.64,43327,6952,81.18,0.41,2016,0.35,4698,0.06,14.57,6973,0.04,14.91,2.78,0,0.02,41.47,1.41,0.01
a-0000298,U.Nottm_BnASSYST-309,BnASSYST-309,Rivette,,Nottingham,2013,,,,,,,0.01,9.26,0.02,15.69,8773,0.14,0.68,0.24,2.35,67.75,40884,6763,97.2,0.72,1754,0.35,5354,0.06,12.86,7427,0.06,14.59,2.68,0,0.01,29.12,1.29,0.01
a-0000300,U.Nottm_BnASSYST-312,BnASSYST-312,Adamo,,Nottingham,2013,,,,,,,0.01,6.79,0.01,12.58,8268,0.18,0.67,0.18,2.44,53.47,43206,6547,55.08,1.1,1398,0.35,5025,0.04,14.23,8644,0.07,15.46,2.72,0,0.01,33.96,1.33,0.01
a-0000301,U.Nottm_BnASSYST-313,BnASSYST-313,Altex,,Nottingham,2013,,,,,,,0.02,6.6,0.02,14.81,10130,0.2,0.86,0.16,2.2,59.33,44528,8760,83.29,1.35,1649,0.47,4879,0.08,13.74,8703,0.09,18.96,3.76,0,0.01,33.88,1.54,0.01
a-0000302,U.Nottm_BnASSYST-314,BnASSYST-314,Andor,,Nottingham,2013,,,,,,,0.02,10.71,0.02,14.58,10615,0.21,0.67,0.18,2.18,54.44,49217,8896,87.93,1.2,1759,0.35,4521,0.05,15.5,8999,0.06,19.87,3.29,0,0.01,31.71,1.76,0.01
a-0000303,U.Nottm_BnASSYST-315,BnASSYST-315,Astor,,Nottingham,2013,,,,,,,0.01,8.69,0.02,15.15,13801,0.21,0.68,0.22,2.78,63.55,43889,10207,105.12,0.45,2133,0.35,5042,0.09,13.91,6611,0.06,25.55,4.87,0,0.01,28.84,2.18,0.01
a-0000305,U.Nottm_BnASSYST-317,BnASSYST-317,Bingo,,Nottingham,2013,,,,,,,0.01,6.84,0.02,11.52,9031,0.16,0.69,0.16,2.24,53.56,39920,7237,70.37,0.55,1827,0.35,4915,0.04,13.13,7738,0.07,15.78,3.26,0,0.01,33.14,1.38,0.01
a-0000306,U.Nottm_BnASSYST-318,BnASSYST-318,Callypso,,Nottingham,2013,,,,,,,0.01,7.82,0.02,12.63,8334,0.15,0.68,0.21,2.63,58.78,35792,7189,76.39,0.63,1289,0.35,5230,0.04,12.18,6505,0.05,16.84,2.88,0,0.01,31.95,1.6,0.01
a-0000307,U.Nottm_BnASSYST-319,BnASSYST-319,Concord,,Nottingham,2013,,,,,,,0.01,10.72,0.02,20.96,11214,0.18,0.68,0.18,2.97,65.41,39358,9090,103.49,1.24,2007,0.35,5101,0.06,12.63,8414,0.05,20.65,3.89,0,0.01,28.7,1.91,0.01
a-0000308,U.Nottm_BnASSYST-320,BnASSYST-320,Conny,,Nottingham,2013,,,,,,,0.01,9.34,0.02,16.98,8966,0.12,0.68,0.19,2.21,57.33,39921,7070,93.69,0.44,1671,0.35,4687,0.06,13.08,6803,0.08,17.93,3.39,0,0.01,31.75,1.65,0.01
a-0000309,U.Nottm_BnASSYST-321,BnASSYST-321,Czyzowska,,Nottingham,2013,,,,,,,0.01,3.73,0.02,16.07,12181,0.17,0.68,0.18,2.75,56.7,35729,9431,103.25,1.02,1706,0.35,5223,0.06,11.77,9353,0.05,24.31,3.99,0,0.01,40.74,2.09,0.01
a-0000310,U.Nottm_BnASSYST-322,BnASSYST-322,Daichousen (fuku),,Nottingham,2013,,,,,,,0.01,11.55,0.02,19.9,11115,0.2,0.89,0.15,2.28,51.51,49186,9086,59.5,0.61,1919,0.35,5420,0.08,15.92,6795,0.06,23.69,4.17,0,0.01,31.38,2.07,0.01
a-0000311,U.Nottm_BnASSYST-323,BnASSYST-323,Daichousen (mizuyasu),,Nottingham,2013,,,,,,,0.01,10.4,0.02,8.9,12379,0.2,0.68,0.13,2.05,55.03,38440,10326,75.18,1.16,2002,0.35,4258,0.06,12,8318,0.06,23.23,4.43,0,0.01,29.04,2.06,0.01
a-0000312,U.Nottm_BnASSYST-324,BnASSYST-324,Daichousen (nakano),,Nottingham,2013,,,,,,,0.01,11.08,0.02,15.38,9966,0.2,0.68,0.21,2.94,68.53,43963,7557,108.23,0.64,1400,0.48,5400,0.07,14.54,7397,0.05,20.22,3.84,0,0.01,33.85,2.01,0.01
a-0000313,U.Nottm_BnASSYST-325,BnASSYST-325,Erake,,Nottingham,2013,,,,,,,0.01,7.75,0.02,11.34,11409,0.16,0.68,0.16,2.16,58.09,37909,9301,81.93,0.36,2073,0.35,4178,0.06,12.6,6516,0.05,21.43,3.98,0,0.01,29.4,2.04,0.01
a-0000314,U.Nottm_BnASSYST-326,BnASSYST-326,Furax,,Nottingham,2013,,,,,,,0.02,10.55,0.02,13.89,12906,0.2,0.87,0.19,2.63,67.37,44018,10012,87.36,0.95,2369,0.42,5338,0.08,14.11,9443,0.06,24.87,4.85,0,0.02,30.41,2.24,0.01
a-0000315,U.Nottm_BnASSYST-327,BnASSYST-327,Futura,,Nottingham,2013,,,,,,,0.01,6.44,0.03,12.52,9790,0.1,0.67,0.19,1.92,50.6,36324,7014,64.63,0.79,1941,0.35,3915,0.08,11.37,6731,0.09,18.33,3.35,0,0.01,22.32,1.68,0.01
a-0000316,U.Nottm_BnASSYST-328,BnASSYST-328,Galant,,Nottingham,2013,,,,,,,0.01,12.34,0.02,14.94,8298,0.17,0.67,0.17,2.07,60.44,42618,6562,75.83,0.41,1771,0.35,5140,0.06,15.12,6780,0.05,15.04,3,0,0.02,35.94,1.33,0.01
a-0000317,U.Nottm_BnASSYST-329,BnASSYST-329,Giant Xr707,,Nottingham,2013,,,,,,,0.01,10.67,0.02,10.73,8898,0.14,0.68,0.21,1.43,48.08,47670,8009,40.38,0.38,1752,0.35,3780,0.03,15.68,7000,0.08,18.17,3.66,0,0.02,30.04,1.64,0.01
a-0000318,U.Nottm_BnASSYST-330,BnASSYST-330,Gisora,,Nottingham,2013,,,,,,,0.01,9.72,0.02,16.92,9956,0.12,0.68,0.16,2.53,65.67,39568,7603,80.97,0.46,1609,0.35,5781,0.04,12.41,8096,0.06,17.31,3.23,0,0.01,36.57,1.5,0.02
a-0000321,U.Nottm_BnASSYST-333,BnASSYST-333,Granit,,Nottingham,2013,,,,,,,0.01,9.1,0.03,13.04,9848,0.18,0.67,0.16,2.3,63.1,44844,7741,90.55,1.04,1570,0.35,4450,0.09,14.62,6914,0.05,17.67,3.63,0,0.02,33.95,1.63,0.01
a-0000322,U.Nottm_BnASSYST-334,BnASSYST-334,Gulliver,,Nottingham,2013,,,,,,,0.01,12.82,0.02,14.14,9935,0.15,0.68,0.19,2.21,59.87,35760,7707,91.28,0.43,1640,0.35,5652,0.05,10.98,6910,0.14,18.08,3.04,0,0.01,27.91,1.7,0.01
a-0000323,U.Nottm_BnASSYST-335,BnASSYST-335,Hankkija's Lauri,,Nottingham,2013,,,,,,,0.01,8.63,0.02,12.09,8537,0.12,0.68,0.14,2.75,61.6,42559,6786,59.97,0.53,1680,0.42,5448,0.05,14.35,7458,0.04,14.89,3.31,0,0.01,35.41,1.28,0.02
a-0000326,U.Nottm_BnASSYST-338,BnASSYST-338,Kajsa,,Nottingham,2013,,,,,,,0.01,9.32,0.04,8.02,7771,0.1,0.65,0.11,1.86,54.38,27162,7488,36.22,1.05,1651,0.35,3362,0.2,7.81,5074,0.06,13.04,2.71,0,0.01,17.62,1.29,0.02
a-0000327,U.Nottm_BnASSYST-339,BnASSYST-339,Korall,,Nottingham,2013,,,,,,,0.01,8.43,0.02,15.32,9928,0.12,0.69,0.19,2.26,64.52,37534,8928,87.6,0.81,1844,0.35,5310,0.11,12.02,8141,0.06,18.45,3.53,0,0.01,27.48,1.57,0.01
a-0000328,U.Nottm_BnASSYST-340,BnASSYST-340,Korinth,,Nottingham,2013,,,,,,,0.01,8.59,0.02,10.83,10698,0.19,0.68,0.14,2.19,57.68,46636,8656,84.82,0.75,2401,0.35,5008,0.08,14.7,8050,0.06,20.76,4.48,0,0.01,27.52,1.93,0.01
a-0000329,U.Nottm_BnASSYST-341,BnASSYST-341,Kosa,,Nottingham,2013,,,,,,,0.01,11.57,0.02,15.29,10416,0.12,0.67,0.25,2.39,63.57,41855,7992,101.94,0.57,2093,0.35,5226,0.07,13.66,8132,0.06,18.78,3.89,0,0.01,32.12,1.78,0.01
a-0000330,U.Nottm_BnASSYST-342,BnASSYST-342,Kruglik,,Nottingham,2013,,,,,,,0.01,8.8,0.02,12.34,10720,0.17,0.66,0.19,2.56,72.77,48526,9253,110.77,1.05,2026,0.35,4738,0.06,14.66,8586,0.08,20.36,3.97,0,0.01,33.41,1.79,0.01
a-0000332,U.Nottm_BnASSYST-344,BnASSYST-344,Lirafox,,Nottingham,2013,,,,,,,0.01,10.69,0.02,12.66,10531,0.13,0.68,0.14,1.98,54,47811,8425,65.82,0.56,1990,0.54,4549,0.04,14.98,6120,0.05,19.02,4.01,0,0.01,27.86,1.55,0.01
a-0000333,U.Nottm_BnASSYST-345,BnASSYST-345,Lirasol,,Nottingham,2013,,,,,,,0.01,15.16,0.02,10.82,10811,0.17,0.68,0.23,2.31,62.54,42945,8586,91.04,0.59,1828,0.35,4940,0.08,13.36,6172,0.05,20.07,4.2,0,0.01,29.63,1.89,0.01
a-0000334,U.Nottm_BnASSYST-346,BnASSYST-346,Liraspa,,Nottingham,2013,,,,,,,0.01,10.26,0.02,12.37,10473,0.15,0.69,0.2,2.4,66.82,38232,8802,104.44,0.66,2346,0.35,5015,0.09,12.96,9444,0.06,18.79,4.31,0,0.01,28.37,1.53,0.01
a-0000335,U.Nottm_BnASSYST-347,BnASSYST-347,Lirawell,,Nottingham,2013,,,,,,,0.01,11.6,0.02,19.57,13525,0.12,0.67,0.22,1.9,62.1,33104,9956,101.4,0.59,2011,0.48,5019,0.07,10.61,6446,0.03,26.83,5.3,0,0.01,28.18,2.7,0.01
a-0000336,U.Nottm_BnASSYST-348,BnASSYST-348,Lisandra,,Nottingham,2013,,,,,,,0.01,7.25,0.03,11.99,10881,0.14,0.68,0.2,2.17,63.71,36375,9001,89.49,0.72,2307,0.49,5353,0.08,11.85,8289,0.07,20.42,3.74,0,0.01,27.79,1.87,0.01
a-0000337,U.Nottm_BnASSYST-349,BnASSYST-349,Loras,,Nottingham,2013,,,,,,,0.01,9.64,0.02,16.23,12194,0.16,0.68,0.17,1.96,61.02,33981,9452,87.69,0.38,1823,0.55,5563,0.05,11.07,6184,0.05,24.37,4.22,0,0.01,27.56,2.32,0.01
a-0000338,U.Nottm_BnASSYST-350,BnASSYST-350,Mali,,Nottingham,2013,,,,,,,0.02,11.35,0.03,15.82,13026,0.16,0.66,0.22,2.15,58.76,35783,10181,107.82,0.84,2368,0.36,4567,0.1,11.22,6472,0.06,24.92,4.25,0,0.01,24.88,2.36,0.01
a-0000339,U.Nottm_BnASSYST-351,BnASSYST-351,Maris Haplona,,Nottingham,2013,,,,,,,0.01,14.51,0.02,17.1,9656,0.23,0.68,0.17,2.23,78.4,46728,7898,112.33,0.74,2091,0.35,4800,0.05,15.57,8799,0.04,16.78,3.58,0,0.01,35.02,1.41,0.01
a-0000340,U.Nottm_BnASSYST-352,BnASSYST-352,Masora,,Nottingham,2013,,,,,,,0.01,8.04,0.02,13.81,8193,0.15,0.89,0.18,2.4,58.94,42703,6677,85.05,0.44,1236,0.35,5485,0.04,13.88,7250,0.07,15.09,2.98,0,0.01,32.16,1.39,0.01
a-0000342,U.Nottm_BnASSYST-354,BnASSYST-354,Miyauchi Na,,Nottingham,2013,,,,,,,0.02,10.08,0.02,16.46,10599,0.2,0.67,0.16,2.31,52.04,40638,8820,69.21,0.38,1732,0.35,5117,0.05,14.02,5086,0.06,21.65,3.46,0,0.02,38.41,1.82,0.01
a-0000343,U.Nottm_BnASSYST-355,BnASSYST-355,Mlochowski,,Nottingham,2013,,,,,,,0.02,17.5,0.02,12.18,10914,0.14,0.69,0.18,1.91,53.39,37689,9074,67.42,0.74,1567,0.35,5054,0.05,12.48,7476,0.05,20.61,3.98,0,0.01,23.65,1.91,0.01
a-0000345,U.Nottm_BnASSYST-357,BnASSYST-357,Nakate Chousen,,Nottingham,2013,,,,,,,0.01,11.86,0.02,12.87,16426,0.24,0.66,0.16,2.31,50.98,38074,12391,74.41,0.35,2090,0.35,4997,0.08,12.33,8926,0.07,35.23,5.48,0,0.02,35.25,3.31,0.01
a-0000346,U.Nottm_BnASSYST-358,BnASSYST-358,Nosovskij 9,,Nottingham,2013,,,,,,,0.01,8.88,0.02,10.9,11055,0.19,0.67,0.17,2,54.86,36773,8620,72.09,0.63,1795,0.35,4427,0.09,11.56,5977,0.04,21.13,3.86,0,0.01,37.41,1.86,0.01
a-0000347,U.Nottm_BnASSYST-359,BnASSYST-359,Odin,,Nottingham,2013,,,,,,,0.01,10,0.02,17.01,11633,0.17,0.66,0.25,2.44,62.08,40375,9602,106.47,1.37,1779,0.35,5050,0.06,13.95,8438,0.06,22.52,4.12,0,0.01,30.11,2.15,0.01
a-0000348,U.Nottm_BnASSYST-360,BnASSYST-360,Olivia,,Nottingham,2013,,,,,,,0.01,9.29,0.03,19.32,11468,0.14,0.68,0.18,2.52,63.2,45792,8768,94.19,0.88,1871,0.35,4998,0.1,14.3,7404,0.07,22.08,4.41,0,0.01,31.81,2.2,0.01
a-0000349,U.Nottm_BnASSYST-361,BnASSYST-361,Omega,,Nottingham,2013,,,,,,,0.01,13.64,0.02,22.04,12339,0.18,0.68,0.25,3.03,83.23,41707,9909,140.52,0.42,2425,0.35,6526,0.08,12.8,9701,0.05,22.29,5.01,0,0.01,43.15,2.07,0.01
a-0000350,U.Nottm_BnASSYST-362,BnASSYST-362,Optima,,Nottingham,2013,,,,,,,0.01,9.11,0.02,19.32,10658,0.17,0.68,0.2,2.66,62.3,44931,8267,99.2,0.67,1792,0.35,4663,0.07,13.24,9050,0.06,20.75,3.79,0,0.01,27.47,1.99,0.02
a-0000351,U.Nottm_BnASSYST-363,BnASSYST-363,Orpal,,Nottingham,2013,,,,,,,0.01,9.49,0.02,13.09,9019,0.22,0.67,0.19,2.56,68.18,40355,6860,80.56,0.7,1698,0.35,4670,0.06,13.01,7301,0.06,16.27,3.49,0,0.01,32.77,1.46,0.01
a-0000352,U.Nottm_BnASSYST-364,BnASSYST-364,Orriba,,Nottingham,2013,,,,,,,0.01,10.35,0.02,12.93,10026,0.21,0.66,0.21,2.16,59.83,41456,7555,76.09,0.97,1804,0.35,4433,0.06,13.46,6932,0.06,18.55,3.55,0,0.01,32.46,1.76,0.01
a-0000353,U.Nottm_BnASSYST-365,BnASSYST-365,Pera,,Nottingham,2013,,,,,,,0.01,10.06,0.02,10.13,12259,0.18,0.68,0.14,1.79,53.49,39885,8944,68.07,0.44,1865,0.35,4496,0.07,12.7,7300,0.1,23.72,4.21,0,0.01,26.7,2.39,0.01
a-0000354,U.Nottm_BnASSYST-366,BnASSYST-366,Pivot,,Nottingham,2013,,,,,,,0.01,9.94,0.01,12.86,8641,0.15,0.66,0.16,2.33,58.12,42198,7461,70.26,0.32,1511,0.35,5539,0.07,12.93,7144,0.05,16.9,3.3,0,0.01,36.51,1.44,0.01
a-0000355,U.Nottm_BnASSYST-367,BnASSYST-367,Pobeda,,Nottingham,2013,,,,,,,0.01,10.36,0.02,19,11770,0.19,0.67,0.14,2.38,55.05,37609,8125,85.51,1.09,1732,0.35,5415,0.05,12.54,8025,0.05,23.82,4.4,0,0.01,39.48,2.07,0.02
a-0000356,U.Nottm_BnASSYST-368,BnASSYST-368,Puma,,Nottingham,2013,,,,,,,0.01,10.39,0.02,15.93,10137,0.19,0.68,0.17,2.4,60.1,46326,8148,83.26,1.02,1760,0.36,5502,0.06,15.21,7954,0.09,18.34,3.54,0,0.01,33.64,1.64,0.01
a-0000357,U.Nottm_BnASSYST-369,BnASSYST-369,Pura,,Nottingham,2013,,,,,,,0.01,9.65,0.02,17.87,11249,0.24,0.62,0.15,2.67,52.38,36317,8696,79.44,0.57,1766,0.35,5847,0.05,11.34,6141,0.04,21.88,3.19,0,0.01,32.33,1.98,0.01
a-0000359,U.Nottm_BnASSYST-371,BnASSYST-371,Reston,,Nottingham,2013,,,,,,,0.02,8.21,0.02,15.94,10946,0.25,0.66,0.13,2.1,52.89,40625,7705,78.3,0.5,1780,0.35,4338,0.05,12.17,7172,0.06,20.19,3.55,0,0.01,31.58,1.77,0.01
a-0000360,U.Nottm_BnASSYST-372,BnASSYST-372,Rsio,,Nottingham,2013,,,,,,,0.01,12.38,0.03,17.21,15543,0.14,0.68,0.25,2.08,66.65,36503,10994,96.42,0.79,2416,0.36,4193,0.08,10.69,6289,0.06,30.54,5.33,0,0.02,22,3.13,0.01
a-0000361,U.Nottm_BnASSYST-373,BnASSYST-373,Rucabo,,Nottingham,2013,,,,,,,0.01,9.23,0.02,15.11,9509,0.19,0.68,0.18,2.1,61.69,42810,7655,129.61,0.98,2132,0.35,4568,0.07,13.04,7210,0.05,17.64,3.53,0,0.01,30.66,1.7,0.01
a-0000362,U.Nottm_BnASSYST-374,BnASSYST-374,Sabine,,Nottingham,2013,,,,,,,0.02,9.02,0.02,13.26,10319,0.1,0.63,0.17,2.32,62.42,36567,8032,74.81,0.84,2096,0.35,5208,0.07,12.99,8550,0,19.92,3.62,0,0.01,29.48,1.87,0.02
a-0000365,U.Nottm_BnASSYST-377,BnASSYST-377,Sv 705152,,Nottingham,2013,,,,,,,0.01,9.02,0.02,15.42,10069,0.14,0.67,0.22,2.46,53.52,43892,7633,80.98,0.67,1904,0.35,4001,0.05,13.54,7108,0.09,18.54,3.82,0,0.01,28.63,1.71,0.01
a-0000366,U.Nottm_BnASSYST-378,BnASSYST-378,Sv 706118,,Nottingham,2013,,,,,,,0.01,13.14,0.02,12.22,10651,0.13,0.67,0.18,2.22,66.97,43346,8038,78.88,0.51,1807,0.35,5211,0.16,13.69,7814,0.07,19.93,3.78,0,0.02,29.47,1.76,0.02
a-0000367,U.Nottm_BnASSYST-379,BnASSYST-379,Sv 716,,Nottingham,2013,,,,,,,0.01,8.95,0.03,17.99,8799,0.14,0.68,0.22,2.44,74.02,47444,8217,104.91,1.18,1779,0.35,5990,0.08,15.78,9472,0.05,15.49,3.85,0,0.01,34.13,1.49,0.01
a-0000368,U.Nottm_BnASSYST-380,BnASSYST-380,Sv 75716,,Nottingham,2013,,,,,,,0.01,13.96,0.01,13.82,8267,0.14,0.67,0.17,2.47,62.13,33906,6903,69.47,0.39,1619,0.35,5301,0.05,11.04,7089,0.05,14.64,3.3,0,0.01,31.84,1.37,0.01
a-0000369,U.Nottm_BnASSYST-381,BnASSYST-381,Tanka,,Nottingham,2013,,,,,,,0.01,12.32,0.02,16.96,10579,0.16,0.68,0.17,2.1,56.81,43504,8299,82.82,1.05,1623,0.34,5022,0.05,13.09,7716,0.05,20.58,3.64,0,0.01,29.74,2.09,0.01
a-0000370,U.Nottm_BnASSYST-382,BnASSYST-382,Toro,,Nottingham,2013,,,,,,,0.01,6.18,0.01,13.78,9693,0.2,0.68,0.15,2.08,60.26,41909,7025,63.18,0.54,2071,0.35,4424,0.06,13.74,5796,0.05,17.7,2.99,0,0.01,30.61,1.76,0.01
a-0000371,U.Nottm_BnASSYST-383,BnASSYST-383,Triton,,Nottingham,2013,,,,,,,0.02,16.24,0.02,18.86,9203,0.13,0.62,0.18,1.97,48.97,42487,8294,62.28,0.86,1649,0.35,4934,0.07,13.99,7574,0.04,17.35,3.25,0,0.02,32.49,1.73,0.01
a-0000372,U.Nottm_BnASSYST-384,BnASSYST-384,Uranus,,Nottingham,2013,,,,,,,0.01,8.14,0.02,14.2,8477,0.2,0.66,0.18,2.76,71.28,40643,7161,101.4,0.65,1636,0.35,5512,0.05,13.67,7283,0.06,15.4,3.24,0,0.01,49.02,1.39,0.02
a-0000376,U.Nottm_BnASSYST-388,BnASSYST-388,Vega,,Nottingham,2013,,,,,,,0.01,6.41,0.01,12.82,8314,0.1,0.68,0.18,2.09,57.83,44341,7036,70.85,0.46,1575,0.36,4733,0.04,14.13,5829,0.05,15.01,2.83,0,0.01,25.65,1.37,0.01
a-0000378,U.Nottm_BnASSYST-390,BnASSYST-390,Wesbell,,Nottingham,2013,,,,,,,0.01,13.91,0.02,23.82,11894,0.17,0.68,0.21,3.22,62.01,47832,9281,107.02,0.6,2172,0.35,5545,0.04,15.1,7846,0.06,21.55,3.86,0,0.01,36.33,1.92,0.01
a-0000380,U.Nottm_BnASSYST-392,BnASSYST-392,Wesreo,,Nottingham,2013,,,,,,,0.01,8.22,0.02,13.9,9534,0.21,0.62,0.18,2.49,67.28,44706,8050,94.01,0.76,2369,0.35,5107,0.06,14.42,8201,0.09,17.41,3.23,0,0.01,30.13,1.54,0.01
a-0000381,U.Nottm_BnASSYST-393,BnASSYST-393,Wesroona,,Nottingham,2013,,,,,,,0.01,10.19,0.02,10.48,9976,0.18,0.68,0.12,2.25,59.72,39347,7836,56.04,0.65,1830,0.35,5254,0.05,12.57,7565,0.06,19.31,3.97,0,0.01,26.82,1.7,0.02
a-0000382,U.Nottm_BnASSYST-394,BnASSYST-394,Willi,,Nottingham,2013,,,,,,,0.01,9.5,0.02,14.41,11087,0.14,0.68,0.16,1.92,52.14,36077,8097,83.24,0.66,1861,0.44,4274,0.04,11.86,7030,0.05,21.71,3.91,0,0.01,28.32,2.15,0.01
a-0000383,U.Nottm_BnASSYST-395,BnASSYST-395,Ww 1286,,Nottingham,2013,,,,,,,0.02,8.89,0.02,14.26,11305,0.17,0.82,0.18,2.41,61.47,38751,8281,96.47,0.46,1565,0.35,5105,0.11,12.63,7112,0.05,21.54,4.22,0,0.01,26.2,2.07,0.01
a-0000385,U.Nottm_BnASSYST-397,BnASSYST-397,Ww 1289,,Nottingham,2013,,,,,,,0.02,15.81,0.02,11.11,8434,0.13,0.68,0.15,1.95,49.78,42498,7420,65.14,0.63,1643,0.35,4558,0.11,12.73,6344,0.05,15.4,2.99,0,0.01,23.86,1.52,0.01
a-0000386,U.Nottm_BnASSYST-398,BnASSYST-398,Zachodni,,Nottingham,2013,,,,,,,0.01,8.94,0.02,17.07,11329,0.19,0.68,0.21,2.68,58.64,40487,8393,99.11,1.06,2115,0.35,5332,0.04,13.24,8330,0.04,21.32,4.07,0,0.01,33.36,1.99,0.02
a-0000387,U.Nottm_BnASSYST-399,BnASSYST-399,Zairai Chousenshu,,Nottingham,2013,,,,,,,0.02,11.54,0.03,14.3,10008,0.15,0.68,0.21,2.84,63.74,44833,8871,100.42,0.52,1672,0.36,5531,0.11,13.79,7571,0.05,18.24,3.75,0,0.01,34.76,1.67,0.02
a-0000388,U.Nottm_BnASSYST-400,BnASSYST-400,Zephyr,,Nottingham,2013,,,,,,,-,-,-,-,-,-,-,-,-,-,-,-,-,-,-,-,-,-,-,-,-,-,-,-,-,-,-,-
a-0000389,U.Nottm_BnASSYST-401,BnASSYST-401,VIGE DH1,,Nottingham,2013,,,,,,,0.05,8.97,0.02,14.72,9450,0.11,0.68,0.19,1.91,50.68,38330,7004,60.45,0.44,1198,0.35,4860,0.05,12.09,6107,0.09,17.83,3.25,0,0.01,25.73,1.87,0.01
a-0000391,U.Nottm_BnASSYST-403,BnASSYST-403,FORTIN FAMILY,,Nottingham,2013,,,,,,,0.01,15.65,0.02,12.55,8995,0.12,0.68,0.19,2.54,67.22,40025,5868,83.03,0.48,1314,0.36,4587,0.06,11.87,6176,0.05,15.41,2.68,0,0.02,30.94,1.67,0.01
a-0000393,U.Nottm_BnASSYST-405,BnASSYST-405,KOHALIK SININE,,Nottingham,2013,,,,,,,0.01,7.46,0.01,12.5,8908,0.13,0.66,0.16,2.04,54.54,36126,6600,86.48,0.45,1793,0.35,4612,0.04,11.92,8250,0.04,15.93,2.98,0,0.01,26.11,1.44,0.01
a-0000394,U.Nottm_BnASSYST-406,BnASSYST-406,LORD DERBY,,Nottingham,2013,,,,,,,0.01,9.95,0.02,12.72,9559,0.16,0.68,0.14,2.01,51.11,34892,6947,71.85,0.52,1830,0.48,4312,0.06,10.67,7440,0.06,17.73,3.43,0,0.01,23.74,1.76,0.01
a-0000395,U.Nottm_BnASSYST-407,BnASSYST-407,TURNIP/RUTABAGA HYBRID,,Nottingham,2013,,,,,,,0.01,16.57,0.02,14.15,9145,0.14,0.66,0.21,1.61,59.21,40457,7354,72.63,0.61,1547,0.43,3532,0.06,12.06,5762,0.04,18.19,3.4,0,0.01,20.75,2.03,0.01
a-0000396,U.Nottm_BnASSYST-408,BnASSYST-408,VOGESA,,Nottingham,2013,,,,,,,0.01,13.58,0.03,13.7,10169,0.35,0.68,0.15,2.07,69.82,43382,7958,65.43,1.1,1591,0.48,4999,0.07,14.23,8528,0.05,18.52,3.49,0,0.02,34.29,1.78,0.02
a-0000397,U.Nottm_BnASSYST-409,BnASSYST-409,BRONZE TOP,,Nottingham,2013,,,,,,,0.01,12.86,0.02,10.11,10728,0.34,0.68,0.15,1.87,64.88,38570,9343,67.52,0.3,1685,0.35,5118,0.08,12.93,6317,0.06,21.7,4.27,0,0.01,36.95,1.95,0.01
a-0000398,U.Nottm_BnASSYST-410,BnASSYST-410,HUGUENOT,,Nottingham,2013,,,,,,,0.01,17.01,0.02,17.74,10138,0.25,0.68,0.22,2.21,69.11,40071,6955,101.46,0.54,1666,0.47,4927,0.12,13.14,6445,0.05,19.06,4.19,0,0.02,38.38,1.87,0.01
a-0000399,U.Nottm_BnASSYST-411,BnASSYST-411,JAUNE A COLLET VERT,,Nottingham,2013,,,,,,,0.01,17.27,0.02,12.23,11425,0.26,0.84,0.13,2.2,56.74,41455,7805,64.18,1.46,2290,0.35,3522,0.12,12.59,5903,0.07,22.01,4.01,0,0.02,24.11,2.52,0.01
a-0000401,U.Nottm_BnASSYST-413,BnASSYST-413,PIKE,,Nottingham,2013,,,,,,,0.01,14.25,0.02,14.97,10017,0.16,0.68,0.22,2.48,58,42302,7329,90.97,0.46,1951,0.35,4714,0.17,12.98,6202,0.02,19.89,3.15,0,0.02,31.25,2.5,0.01
a-0000402,U.Nottm_BnASSYST-414,BnASSYST-414,SENSATION NZ,,Nottingham,2013,,,,,,,0.01,11.3,0.02,13.96,9904,0.14,0.68,0.18,2.39,56.46,40005,7316,64.06,0.89,1886,0.35,3987,0.07,12.4,6097,0.06,19.23,3.68,0,0.01,24.46,2.16,0.02
a-0000403,U.Nottm_BnASSYST-415,BnASSYST-415,Wilhelmsburger,,Nottingham,2013,,,,,,,0.01,12.7,0.02,16.53,12424,0.15,0.66,0.16,1.86,51.55,33224,10753,60.16,0.47,1837,0.35,4917,0.04,9.86,8268,0.04,26.31,4.31,0,0.01,30.02,2.42,0.01
a-0000405,U.Nottm_BnASSYST-417,BnASSYST-417,Aberdeenshire Prize,,Nottingham,2013,,,,,,,0.01,6.7,0.02,12.05,10018,0.17,0.68,0.13,1.72,57.44,38926,7343,88.25,0.24,1356,0.35,4323,0.02,12.14,5087,0.05,18.83,3.63,0,0.01,28,1.58,0.01
a-0000406,U.Nottm_BnASSYST-418,BnASSYST-418,Altasweet,,Nottingham,2013,,,,,,,0.01,9.31,0.02,11.25,8988,0.1,0.67,0.18,2.08,54.66,40526,7500,61.95,1.18,1258,0.35,3740,0.13,12.02,5681,0.06,17.83,3.36,0,0.01,22.3,2.02,0.01
a-0000409,U.Nottm_BnASSYST-421,BnASSYST-421,Bangholm PT,,Nottingham,2013,,,,,,,0.01,9.89,0.02,17.09,10682,0.16,0.69,0.14,2.41,53.24,42838,8413,64.68,0.76,1739,0.35,5043,0.06,12.89,8067,0.05,21.2,3.61,0,0.02,28.83,1.95,0.01
a-0000411,U.Nottm_BnASSYST-423,BnASSYST-423,Britannia,,Nottingham,2013,,,,,,,0.01,11.52,0.02,15.73,9747,0.1,0.66,0.16,2.09,47.47,42935,7440,59.44,0.78,1482,0.35,4396,0.05,12.87,6300,0.08,19.98,3.31,0,0.01,24.84,2.03,0.01
a-0000412,U.Nottm_BnASSYST-424,BnASSYST-424,Conqueror Bronze Green Top,,Nottingham,2013,,,,,,,0.02,10.42,0.02,12.28,10309,0.14,0.66,0.13,1.96,46.5,30597,8479,57.92,1.16,1716,0.44,3837,0.04,9.52,7176,0.01,20.97,3.24,0,0.01,24.2,2.04,0.01
a-0000414,U.Nottm_BnASSYST-426,BnASSYST-426,Drummonds Purple Top,,Nottingham,2013,,,,,,,0.01,6.91,0.02,12.63,9314,0.12,0.66,0.15,1.97,45.27,32732,7845,48.69,0.95,1312,0.35,4156,0.08,9.84,6423,0.07,18.45,3.27,0,0.01,25.58,1.87,0.01
a-0000415,U.Nottm_BnASSYST-427,BnASSYST-427,Essex Model,,Nottingham,2013,,,,,,,0.02,11.47,0.02,13.66,9518,0.1,0.67,0.21,1.88,53.72,40047,8515,73.33,0.27,1587,0.35,4723,0.06,12.52,6439,0.1,19.53,3.4,0,0.01,24.51,1.77,0.01
a-0000418,U.Nottm_BnASSYST-430,BnASSYST-430,Parkside,,Nottingham,2013,,,,,,,0.03,9.26,0.02,13.63,10781,0.07,0.63,0.15,1.75,48.2,30600,8771,59.59,0.5,2058,0.35,4408,0.04,9.97,7040,0.04,22.07,3.58,0,0.01,20.41,2.11,0.01
a-0000419,U.Nottm_BnASSYST-431,BnASSYST-431,Peerless (Acme),,Nottingham,2013,,,,,,,0.01,6.04,0.02,10.82,7837,0.12,0.63,0.16,1.82,51.87,32527,7328,63.54,0.4,1600,0.35,4036,0.06,9.46,6670,0.05,14.66,3.25,0,0.01,25.33,1.3,0.01
a-0000420,U.Nottm_BnASSYST-432,BnASSYST-432,Purple Top,,Nottingham,2013,,,,,,,0.01,12.6,0.02,13.76,8837,0.14,0.68,0.13,1.68,48.02,40293,7287,46.22,0.92,1658,0.35,3922,0.06,12.43,6227,0.05,18.02,3.33,0,0.01,24.8,1.92,0.01
a-0000421,U.Nottm_BnASSYST-433,BnASSYST-433,Scotia,,Nottingham,2013,,,,,,,0.02,9.48,0.02,14.78,10780,0.08,0.68,0.2,2.08,50.02,39271,8479,78.17,1.19,1893,0.35,3614,0.08,11.63,6558,0.09,19.55,3.8,0,0.01,18.92,2.14,0.01
a-0000422,U.Nottm_BnASSYST-434,BnASSYST-434,Tankard Bronze Top,,Nottingham,2013,,,,,,,0.01,11.45,0.02,13.55,9756,0.18,0.68,0.14,1.61,49.13,34725,7649,63.93,0.59,1869,0.35,4313,0.06,12.07,6243,0.05,18.74,3.78,0,0.01,26.44,1.8,0.01
a-0000423,U.Nottm_BnASSYST-435,BnASSYST-435,The Bell,,Nottingham,2013,,,,,,,0.02,11.34,0.02,10.39,9417,0.15,0.68,0.12,1.85,56.53,39735,7807,44.16,0.79,1784,0.35,4450,0.07,12.37,7179,0.05,18.89,3.78,0,0.01,29.92,1.75,0.01
a-0000424,U.Nottm_BnASSYST-436,BnASSYST-436,Tina,,Nottingham,2013,,,,,,,0.01,8.17,0.02,11.43,11116,0.14,0.67,0.15,1.92,46.92,32827,9209,66.27,0.72,1573,0.35,4549,0.03,10.21,6958,0.08,23.12,4.15,0,0.01,20.97,2.17,0.01
a-0000426,U.Nottm_BnASSYST-438,BnASSYST-438,YORK,,Nottingham,2013,,,,,,,0.01,10.25,0.02,11.29,8107,0.1,0.64,0.14,1.85,68.64,40698,6730,58.16,0.56,1317,0.35,4590,0.04,13.38,6229,0.12,15.82,2.8,0,0.01,28.31,2.38,0.01
a-0000430,U.Nottm_BnASSYST-442,BnASSYST-442,Hollandse Gele Roodkop,,Nottingham,2013,,,,,,,0.01,12.98,0.02,12.17,9453,0.13,0.68,0.12,1.85,49.43,29267,7394,64.04,0.98,1379,0.35,4219,0.07,8.9,6158,0.05,19.47,3.31,0,0.01,24.47,2.27,0.01
a-0000431,U.Nottm_BnASSYST-443,BnASSYST-443,Brandhaug,,Nottingham,2013,,,,,,,0.01,12.49,0.02,16.36,9953,0.11,0.67,0.14,1.63,51.83,36085,7748,48.35,0.85,1324,0.35,4012,0.07,11.25,4856,0.06,18.1,3.56,0,0.01,21.84,1.81,0.01
a-0000433,U.Nottm_BnASSYST-445,BnASSYST-445,Laugabolsrofa,,Nottingham,2013,,,,,,,0.01,10.96,0.02,11.84,9784,0.16,0.68,0.12,1.91,47.34,38682,7417,52.54,0.7,1863,0.35,4397,0.04,12.71,5685,0.05,19.88,3.96,0,0.01,29.25,1.9,0.01
a-0000435,U.Nottm_BnASSYST-447,BnASSYST-447,Rotabaggeue,,Nottingham,2013,,,,,,,0.01,6.47,0.01,14.84,9368,0.12,0.68,0.13,1.59,49.38,36836,7424,57.54,0.5,1466,0.35,3916,0.04,10.81,5293,0.06,19.15,3.36,0,0.01,26.53,1.85,0.02
a-0000439,U.Nottm_BnASSYST-451,BnASSYST-451,Kalfafellsrofa,,Nottingham,2013,,,,,,,0.02,16.36,0.02,10.28,8917,0.11,0.66,0.16,2.42,56.09,36866,6577,59.55,1.09,1350,0.35,3975,0.07,11,5567,0.05,17.07,3.2,0,0.01,26.71,1.82,0.01
a-0000440,U.Nottm_BnASSYST-452,BnASSYST-452,Magres Pajberg,,Nottingham,2013,,,,,,,0.02,13.32,0.02,13.65,10842,0.14,0.67,0.17,1.95,53.96,35398,8584,58.88,0.82,1801,0.35,4225,0.07,10.75,5927,0.05,20.71,4.09,0,0.01,24.88,2.18,0.02
a-0000441,U.Nottm_BnASSYST-453,BnASSYST-453,Sator Oetofte,,Nottingham,2013,,,,,,,0.03,12.06,0.01,12.66,10841,0.12,0.67,0.15,1.74,49.61,39247,8315,50.87,0.67,1660,0.35,4194,0.05,12.24,7278,0.06,23.28,3.5,0,0.01,24.07,2.46,0.01
a-0000442,U.Nottm_BnASSYST-454,BnASSYST-454,Troendersk Kvithamar,,Nottingham,2013,,,,,,,0.01,8.22,0.02,12.37,8621,0.11,0.66,0.17,1.34,48.48,38389,7023,47,0.89,1363,0.35,3742,0.08,11.7,5685,0.06,16.54,2.61,0,0.01,20.25,1.67,0.02
a-0000497,U.Nottm_BnASSYST-509,BnASSYST-509,Cabernet,,JIC,,,,,,,,0.01,10.26,0.01,15.59,11025,0.14,0.68,0.13,2.31,52.62,37536,8574,71.06,0.6,1340,0.35,5030,0.04,12.18,7029,0.06,23.28,4.59,0,0.01,28.17,2.24,0.01
a-0000498,U.Nottm_BnASSYST-510,BnASSYST-510,Cabriolet,,JIC,,,,,,,,0.01,13.13,0.02,11.39,9243,0.18,0.69,0.14,2.84,60.94,40747,7469,54.03,0.38,1379,0.35,4945,0.05,14.12,6547,0.06,17.66,3.33,0,0.01,29.09,1.56,0.01
a-0000499,U.Nottm_BnASSYST-511,BnASSYST-511,Castille,,JIC,,,,,,,,0.02,8.56,0.02,11.82,9875,0.18,0.72,0.17,2.46,59,41837,7938,75.07,0.41,1177,0.35,5495,0.04,14.06,6483,0.07,19.61,3.75,0,0.01,40.84,1.76,0.02
a-0000500,U.Nottm_BnASSYST-512,BnASSYST-512,Catana,,JIC,,,,,,,,0.01,8.7,0.02,12.17,9311,0.16,0.66,0.15,2.11,53.39,40639,7150,80.06,0.45,1531,0.35,5338,0.05,12.81,6735,0.07,17.92,3.62,0,0.01,33.03,1.55,0.01
a-0000501,U.Nottm_BnASSYST-513,BnASSYST-513,Chuanyou 2,,JIC,,,,,,,,0.01,12.43,0.02,14.57,13116,0.18,0.68,0.22,2.7,63.43,39853,10077,89.66,0.51,2333,0.35,4474,0.1,13.59,8205,0.06,24.72,3.59,0,0.02,27.5,2.31,0.01
a-0000502,U.Nottm_BnASSYST-514,BnASSYST-514,Dimension,,JIC,,,,,,,,0.03,6.61,0.02,13.04,10604,0.19,0.68,0.15,2.07,55.12,44226,7180,85.89,0.73,1567,0.35,4180,0.04,14.1,7361,0.05,20.2,4.04,0,0.01,39.39,2.09,0.01
a-0000503,U.Nottm_UoY_Hybrid_2015004,UoY_Hybrid_2015004,Excalibur,,JIC,,,,,,,,0.02,15.41,0.02,11.78,9056,0.13,0.68,0.17,2.72,63.02,41082,6955,77.14,0.5,1635,0.5,4801,0.06,13.42,6077,0.05,17.15,3.28,0,0.02,35.63,1.63,0.02
a-0000504,U.Nottm_BnASSYST-516,BnASSYST-516,Flash,,JIC,,,,,,,,-,-,-,-,-,-,-,-,-,-,-,-,-,-,-,-,-,-,-,-,-,-,-,-,-,-,-,-
a-0000505,U.Nottm_BnASSYST-517,BnASSYST-517,Huron x Navajo,,JIC,,,,,,,,0.01,7.66,0.02,11.94,9561,0.1,0.85,0.24,2.38,58.98,40429,7490,86.82,0.36,1534,0.35,4886,0.06,13.02,6440,0.05,18.45,3.41,0,0.01,33.37,1.8,0.01
a-0000506,U.Nottm_BnASSYST-518,BnASSYST-518,Inca x Contact,,JIC,,,,,,,,0.02,8.19,0.02,12.64,9764,0.15,0.87,0.16,2.25,59.37,41671,8149,56.77,0.45,1519,0.35,5152,0.04,13.69,6867,0.05,19.53,3.32,0,0.01,34.56,1.67,0.02
a-0000508,U.Nottm_BnASSYST-520,BnASSYST-520,Ningyou 7,,JIC,,,,,,,,0.01,10.04,0.02,13.79,9314,0.16,0.67,0.21,2.1,48.05,47764,7376,66.81,0.46,1986,0.36,4075,0.08,16.37,7496,0.04,16.56,3.23,0,0.02,28.19,1.31,0.02
a-0000509,U.Nottm_BnASSYST-521,BnASSYST-521,Palmedor,,JIC,,,,,,,,0.01,7.57,0.02,13.62,11421,0.18,0.67,0.23,3.05,65.43,43653,8413,96.8,0.35,1716,0.35,5856,0.06,14.41,8788,0.07,22.45,4.37,0,0.01,39.46,2.06,0.02
a-0000510,U.Nottm_BnASSYST-522,BnASSYST-522,"POH 285, Bolko",,JIC,,,,,,,,0.01,6.7,0.01,13.3,7564,0.13,0.83,0.17,2.14,65.75,36021,6176,83.95,0.55,1263,0.53,4600,0.04,12.41,6313,0.04,14.61,2.95,0,0.01,32.41,1.37,0.02
a-0000511,U.Nottm_BnASSYST-523,BnASSYST-523,Quinta,,JIC,,,,,,,,0.02,8.85,0.02,18.9,11364,0.17,0.85,0.16,2.4,57.64,49016,8011,77.82,0.6,1809,0.35,4502,0.06,15.41,7231,0.07,23.23,4.32,0,0.01,33.46,2.25,0.01
a-0000512,U.Nottm_BnASSYST-524,BnASSYST-524,Rocket,,JIC,,,,,,,,0.01,10.6,0.02,14.11,9117,0.15,0.68,0.12,2.05,56.54,37516,6401,100,0.32,1464,0.35,4413,0.04,11.44,6131,0.05,18.52,3.4,0,0.01,30.82,1.82,0.01
a-0000514,U.Nottm_BnASSYST-526,BnASSYST-526,Shengliyoucai,,JIC,,,,,,,,0.05,14.6,0.02,14.85,9446,0.14,0.68,0.18,1.97,50.64,46671,7857,65.35,0.25,2000,0.35,5055,0.08,15.66,6986,0.06,18.97,3.53,0,0.02,26.3,1.55,0.01
a-0000515,U.Nottm_BnASSYST-527,BnASSYST-527,Temple,,JIC,,,,,,,,0.01,8.43,0.02,11.98,10093,0.13,0.68,0.18,1.83,58.31,34806,8181,83.7,0.35,1321,0.35,4767,0.06,11.34,6053,0.05,20.53,3.35,0,0.01,30.14,1.85,0.01
a-0000516,U.Nottm_BnASSYST-528,BnASSYST-528,Vision,,JIC,,,,,,,,0.01,7.04,0.01,9.63,9189,0.16,0.67,0.18,2.56,64.92,43888,7633,68.9,0.43,1427,0.36,4914,0.06,14.13,6668,0.06,17.49,3.34,0,0.01,34.55,1.61,0.01
a-0000517,U.Nottm_BnASSYST-529,BnASSYST-529,Xiangyou 15,,JIC,,,,,,,,0.01,9.82,0.02,12.09,11893,0.16,0.8,0.18,1.9,46.28,44006,8697,68.56,0.48,1960,0.35,4335,0.04,13.66,6793,0.05,24.46,3.27,0,0.01,23.33,2.15,0.01
a-0000518,U.Nottm_BnASSYST-530,BnASSYST-530,Zhongshuang II,,JIC,,,,,,,,0.01,11.76,0.02,9.54,9861,0.21,0.68,0.16,2.39,59.43,50157,7887,69.96,0.31,2081,0.35,4650,0.05,17.86,5508,0.04,19.52,4.25,0,0.02,34.36,1.58,0.01
a-0000519,U.Nottm_Bronze-535,Bronze-535,Bronze-535,,Nottingham,2013,,,,,,,0.01,10.77,0.01,9.25,9401,0.14,0.68,0.16,1.74,62.82,38819,6895,47.61,0.53,1210,0.35,4791,0.04,12.71,6490,0.06,18.18,3.67,0,0.01,28.79,1.75,0.01
a-0000521,U.Nottm_Cracker-531,Cracker-531,Cracker-531,,Nottingham,2013,,,,,,,0.01,8.32,0.02,10.09,8303,0.19,0.68,0.14,1.8,47.95,40851,6798,59.24,0.45,1490,0.35,4917,0.04,14.32,5743,0.06,16.17,2.75,0,0.01,32.38,1.34,0.01
